Date,Adj Close,Volume,Day_Perc_Change,Name
2018-10-22,26153.150391,2222812200.0,2.3150140092025318,HANG SENG
2018-10-23,25346.550781,1772912000.0,-3.0841393787785165,HANG SENG
2018-10-24,25249.779297,1962753500.0,-0.38179350254056166,HANG SENG
2018-10-25,24994.460938,2288634200.0,-1.011170656174154,HANG SENG
2018-10-26,24717.630859,1688395600.0,-1.107565711005687,HANG SENG
2018-10-29,24812.039063,2000985900.0,0.3819468157710837,HANG SENG
2018-10-30,24585.529297,2100387500.0,-0.912902665616766,HANG SENG
2018-10-31,24979.689453,2363084500.0,1.6032201350576258,HANG SENG
2018-11-01,25416.0,2176972600.0,1.7466612137870374,HANG SENG
2018-11-02,26486.349609,3518978800.0,4.211322037299348,HANG SENG
2018-11-05,25934.390625,1626675400.0,-2.0839375457478937,HANG SENG
2018-11-06,26120.960938,1562913100.0,0.7193934713860317,HANG SENG
2018-11-07,26147.689453,1731287400.0,0.10232592538781393,HANG SENG
2018-11-08,26227.720703,1654626400.0,0.30607388902892385,HANG SENG
2018-11-09,25601.919922,1839798600.0,-2.3860280810768963,HANG SENG
2018-11-12,25633.179688,1171178800.0,0.12209930386173351,HANG SENG
2018-11-13,25792.869141,1689989400.0,0.6229794935458388,HANG SENG
2018-11-14,25654.429688,1431673200.0,-0.5367353753597648,HANG SENG
2018-11-15,26103.339844,1534457400.0,1.7498348685177634,HANG SENG
2018-11-16,26183.529297,1330024100.0,0.307199973180583,HANG SENG
2018-11-19,26372.0,1320040400.0,0.7198063365032814,HANG SENG
2018-11-20,25840.339844,1205800000.0,-2.0160024116487207,HANG SENG
2018-11-21,25971.470703,1397423500.0,0.5074656904346053,HANG SENG
2018-11-22,26019.410156,1010983600.0,0.18458505314626894,HANG SENG
2018-11-23,25927.679688,877061500.0,-0.35254630081938965,HANG SENG
2018-11-26,26376.179688,1611982200.0,1.729811558137917,HANG SENG
2018-11-27,26331.960938,1394358800.0,-0.16764653002465657,HANG SENG
2018-11-28,26682.560547,1415273800.0,1.3314603110095247,HANG SENG
2018-11-29,26451.029297,1469593600.0,-0.8677250055974528,HANG SENG
2018-11-30,26506.75,2000815900.0,0.2106560859101103,HANG SENG
2018-12-03,27182.039063,2549703200.0,2.5476116951342664,HANG SENG
2018-12-04,27260.439452999995,1880483300.0,0.2884271846504527,HANG SENG
2018-12-05,26819.679688,1330919400.0,-1.6168476145071442,HANG SENG
2018-12-06,26156.380859,2123180600.0,-2.47317953352284,HANG SENG
2018-12-07,26063.759766,2726993500.0,-0.3541051550644214,HANG SENG
2018-12-10,25752.380859,1544284600.0,-1.1946814649749449,HANG SENG
2018-12-11,25771.669922,1190934600.0,0.07490205703934993,HANG SENG
2018-12-12,26186.710938,1429660600.0,1.6104544923016384,HANG SENG
2018-12-13,26524.349609,1747235100.0,1.289351197251909,HANG SENG
2018-12-14,26094.789063,1344364100.0,-1.6194951142336267,HANG SENG
2018-12-17,26087.980469,1036879300.0,-0.026091776344938644,HANG SENG
2018-12-18,25814.25,1449449300.0,-1.049258946376741,HANG SENG
2018-12-19,25865.390625,1430181500.0,0.1981100554925952,HANG SENG
2018-12-20,25623.529297,1717860300.0,-0.935077035976517,HANG SENG
2018-12-21,25753.419922,1935298900.0,0.5069193376698866,HANG SENG
2018-12-24,25651.380859,1074120100.0,-0.3962155834411396,HANG SENG
2018-12-27,25478.880859,1313061500.0,-0.6724784172368548,HANG SENG
2018-12-28,25504.199219,1224894400.0,0.0993699846555618,HANG SENG
2018-12-31,25845.699219,826507300.0,1.3389951869007932,HANG SENG
2019-01-02,25130.349609,1666316400.0,-2.7677703897216355,HANG SENG
2019-01-03,25064.359375,1481291700.0,-0.2625917865319627,HANG SENG
2019-01-04,25626.029297,1708572100.0,2.2409107434049558,HANG SENG
2019-01-07,25835.699219,1447090300.0,0.8181912210041276,HANG SENG
2019-01-08,25875.449219,1578205700.0,0.15385687711817475,HANG SENG
2019-01-09,26462.320313,2680892000.0,2.2680614702877078,HANG SENG
2019-01-10,26521.429688,1939043900.0,0.22337185213106014,HANG SENG
2019-01-11,26667.269531,1799353900.0,0.5498943485161778,HANG SENG
2019-01-14,26298.330078,1426017400.0,-1.3834916715831036,HANG SENG
2019-01-15,26830.289063,1822902000.0,2.022786174719937,HANG SENG
2019-01-16,26902.099608999997,1714886500.0,0.2676473064877394,HANG SENG
2019-01-17,26755.630859,1860541000.0,-0.5444509987279744,HANG SENG
2019-01-18,27090.810547000005,1692701900.0,1.2527444774760532,HANG SENG
2019-01-21,27196.539063,1640014700.0,0.39027446527142295,HANG SENG
2019-01-22,27005.449219,1578449700.0,-0.702625593489481,HANG SENG
2019-01-23,27008.199219,1381999400.0,0.010183129996099716,HANG SENG
2019-01-24,27120.980469,1323732100.0,0.4175815243567138,HANG SENG
2019-01-25,27569.189452999995,2264965800.0,1.6526282466532205,HANG SENG
2019-01-28,27576.960938,1705146300.0,0.028189022434821354,HANG SENG
2019-01-29,27531.679688,1821838000.0,-0.1641995653611117,HANG SENG
2019-01-30,27642.849608999997,1821894600.0,0.4037890977224068,HANG SENG
2019-01-31,27942.470702999995,2225282600.0,1.0839008938588135,HANG SENG
2019-02-01,27930.740233999997,1669716900.0,-0.04198078661218352,HANG SENG
2019-02-04,27990.210938,808061300.0,0.21292204754248534,HANG SENG
2019-02-08,27946.320313,1527669600.0,-0.15680705335597844,HANG SENG
2019-02-11,28143.839844,1384082500.0,0.7067818903804479,HANG SENG
2019-02-12,28171.330077999995,1492521500.0,0.09767762377974609,HANG SENG
2019-02-13,28497.589844,1930777700.0,1.1581269506859115,HANG SENG
2019-02-14,28432.050781,1433724900.0,-0.22998107334257778,HANG SENG
2019-02-15,27900.839844,1781495400.0,-1.868352519104921,HANG SENG
2019-02-18,28347.009766000003,1549943500.0,1.5991272108461407,HANG SENG
2019-02-19,28228.130858999997,1653127000.0,-0.4193701839500297,HANG SENG
2019-02-20,28514.050781,1928707100.0,1.0128900260105045,HANG SENG
2019-02-21,28629.919922000005,1814520300.0,0.40635805094801913,HANG SENG
2019-02-22,28816.300781,1706490600.0,0.651000280502978,HANG SENG
2019-02-25,28959.300781,3517972400.0,0.4962469023584326,HANG SENG
2019-02-26,28772.060547000005,2758187900.0,-0.6465633801588377,HANG SENG
2019-02-27,28757.439452999995,2378404200.0,-0.050816986069268655,HANG SENG
2019-02-28,28633.179688,2086693500.0,-0.4320960675343821,HANG SENG
2019-03-01,28812.169922000005,1927040400.0,0.6251147652840627,HANG SENG
2019-03-04,28959.589844,2682948700.0,0.511658519296132,HANG SENG
2019-03-05,28961.599608999997,1951621500.0,0.006939894559376825,HANG SENG
2019-03-06,29037.599608999997,1794494900.0,0.2624164446233923,HANG SENG
2019-03-07,28779.449219,1691993300.0,-0.8890211087557942,HANG SENG
2019-03-08,28228.419922000005,2998999600.0,-1.9146624134704027,HANG SENG
2019-03-11,28503.300781,1525534800.0,0.9737734515766094,HANG SENG
2019-03-12,28920.869141000003,0.0,1.4649824706559844,HANG SENG
2019-03-13,28807.449219,1183090900.0,-0.3921732830608926,HANG SENG
2019-03-14,28851.390625,1390223200.0,0.15253487271973398,HANG SENG
2019-03-15,29012.259766000003,1974569100.0,0.5575784650761584,HANG SENG
2019-03-18,29409.009766000003,1887811300.0,1.3675253261897113,HANG SENG
2019-03-19,29466.279297000005,1747657200.0,0.19473464579624622,HANG SENG
2019-03-20,29320.970702999995,1580528500.0,-0.493135195439498,HANG SENG
2019-03-21,29071.560547000005,1750672700.0,-0.8506203922316713,HANG SENG
2019-03-22,29113.359375,1740699100.0,0.1437790996201116,HANG SENG
2019-03-25,28523.349608999997,2091121900.0,-2.0265945897904536,HANG SENG
2019-03-26,28566.910156,1406624800.0,0.15271890432622115,HANG SENG
2019-03-27,28728.25,1475536600.0,0.5647787706788865,HANG SENG
2019-03-28,28775.210938,1582079600.0,0.16346605867048059,HANG SENG
2019-03-29,29051.359375,2695223000.0,0.9596747617072188,HANG SENG
2019-04-01,29562.019531,2475412300.0,1.7577840314055848,HANG SENG
2019-04-02,29624.669922000005,1858466500.0,0.2119286570875234,HANG SENG
2019-04-03,29986.390625,2019434600.0,1.2210117579449342,HANG SENG
2019-04-04,29936.320313,1854467500.0,-0.1669767883242912,HANG SENG
2019-04-08,30077.150391000003,2321011600.0,0.4704321590881966,HANG SENG
2019-04-09,30157.490233999997,2049354000.0,0.26711254874742796,HANG SENG
2019-04-10,30119.560547000005,1814064400.0,-0.12577202779703311,HANG SENG
2019-04-11,29839.449219,1897154200.0,-0.929998057451431,HANG SENG
2019-04-12,29909.759766000003,1560692000.0,0.23562950671098815,HANG SENG
2019-04-15,29810.720702999995,2010638200.0,-0.33112624031367277,HANG SENG
2019-04-16,30129.869141000003,2546181500.0,1.0705827651053434,HANG SENG
2019-04-17,30124.679688,2035147300.0,-0.01722361612563894,HANG SENG
2019-04-18,29963.259766000003,1569930600.0,-0.5358394634293773,HANG SENG
2019-04-23,29963.240233999997,2006226400.0,-6.518649893205719e-05,HANG SENG
2019-04-24,29805.830077999995,1748986700.0,-0.5253442377082584,HANG SENG
2019-04-25,29549.800781,1644483200.0,-0.858990661659087,HANG SENG
2019-04-26,29605.009766000003,1411001700.0,0.18683369613612388,HANG SENG
2019-04-29,29892.810547000005,1250717200.0,0.97213540301051,HANG SENG
2019-04-30,29699.109375,1359023200.0,-0.6479858148348172,HANG SENG
2019-05-02,29944.179688,1298906600.0,0.8251773139240859,HANG SENG
2019-05-03,30081.550781,1217388500.0,0.4587572424134656,HANG SENG
2019-05-06,29209.820313,2934065800.0,-2.897890718289031,HANG SENG
2019-05-07,29363.019531,1997665400.0,0.5244784677152614,HANG SENG
2019-05-08,29003.199219,2182802000.0,-1.225419993404031,HANG SENG
2019-05-09,28311.070313,2907223700.0,-2.3863881386801733,HANG SENG
2019-05-10,28550.240233999997,2421480000.0,0.8447929320784864,HANG SENG
2019-05-14,28122.019531,2875261200.0,-1.4998847627559875,HANG SENG
2019-05-15,28268.710938,2244890100.0,0.521624724847003,HANG SENG
2019-05-16,28275.070313,2372367500.0,0.022496161971963247,HANG SENG
2019-05-17,27946.460938,1922181900.0,-1.1621876492696637,HANG SENG
2019-05-20,27787.609375,2260468500.0,-0.5684138802133698,HANG SENG
2019-05-21,27657.240233999997,2229189200.0,-0.4691628532726311,HANG SENG
2019-05-22,27705.939452999995,1705803400.0,0.17608126692312265,HANG SENG
2019-05-23,27267.130858999997,2219416000.0,-1.5838069477643546,HANG SENG
2019-05-24,27353.929688,1677043500.0,0.31832769442756703,HANG SENG
2019-05-27,27288.089844,1264256500.0,-0.24069610747330383,HANG SENG
2019-05-28,27390.810547000005,3043711500.0,0.3764305364986731,HANG SENG
2019-05-29,27235.710938,2236869000.0,-0.5662468758778405,HANG SENG
2019-05-30,27114.880858999997,1884022200.0,-0.4436457681426531,HANG SENG
2019-05-31,26901.089844,1829465900.0,-0.7884637816103046,HANG SENG
2019-06-03,26893.859375,1716241600.0,-0.026877977962702637,HANG SENG
2019-06-04,26761.519531,1527666000.0,-0.49208201082147074,HANG SENG
2019-06-05,26895.439452999995,1894174900.0,0.5004197233451801,HANG SENG
2019-06-06,26965.279297000005,1601926500.0,0.25967169683935865,HANG SENG
2019-06-10,27578.640625,2272329600.0,2.274633691883299,HANG SENG
2019-06-11,27789.339844,1824700000.0,0.7639942151789647,HANG SENG
2019-06-12,27308.460938,1866884200.0,-1.7304437913944315,HANG SENG
2019-06-13,27294.710938,1846303100.0,-0.05035069545376025,HANG SENG
2019-06-14,27118.349608999997,2031083500.0,-0.6461373758476774,HANG SENG
2019-06-17,27227.160156,1487266700.0,0.40124324882917506,HANG SENG
2019-06-18,27498.769531,1550614700.0,0.9975677721943521,HANG SENG
2019-06-19,28202.140625,2076060300.0,2.557827517362443,HANG SENG
2019-06-20,28550.429688,1820185000.0,1.2349738540458732,HANG SENG
2019-06-21,28473.710938,2171897300.0,-0.2687131186408953,HANG SENG
2019-06-24,28513.0,1338833200.0,0.13798363720678442,HANG SENG
2019-06-25,28185.980469,1851984100.0,-1.1469137972153098,HANG SENG
2019-06-26,28221.980469,1431402200.0,0.1277230715447164,HANG SENG
2019-06-27,28621.419922000005,1679897500.0,1.4153487684493538,HANG SENG
2019-06-28,28542.619141000003,1486688000.0,-0.27532100508902424,HANG SENG
2019-07-02,28875.560547000005,2110432700.0,1.1664711088890556,HANG SENG
2019-07-03,28855.140625,1291301500.0,-0.07071697176845859,HANG SENG
2019-07-04,28795.769531,928449700.0,-0.20575569106240366,HANG SENG
2019-07-05,28774.830077999995,846919500.0,-0.07271711553832327,HANG SENG
2019-07-08,28331.689452999995,1250874300.0,-1.540028642389124,HANG SENG
2019-07-09,28116.279297000005,1218475000.0,-0.7603152517866585,HANG SENG
2019-07-10,28204.689452999995,1013012100.0,0.31444472103185905,HANG SENG
2019-07-11,28431.800781,1067070900.0,0.8052254160729522,HANG SENG
2019-07-12,28471.619141000003,1204492700.0,0.14004867404182608,HANG SENG
2019-07-15,28554.880858999997,1317116400.0,0.2924375940393631,HANG SENG
2019-07-16,28619.619141000003,1024681900.0,0.22671529368192278,HANG SENG
2019-07-17,28593.169922000005,950441100.0,-0.09241639055255213,HANG SENG
2019-07-18,28461.660156,925037300.0,-0.45993419532969204,HANG SENG
2019-07-19,28765.400391000003,1261012300.0,1.067190857227529,HANG SENG
2019-07-22,28371.259766000003,1104886500.0,-1.370189949183942,HANG SENG
2019-07-23,28466.480469,950029300.0,0.3356238100999276,HANG SENG
2019-07-24,28524.039063,1075821900.0,0.20219778859800197,HANG SENG
2019-07-25,28594.300781,974264600.0,0.24632457501834182,HANG SENG
2019-07-26,28397.740233999997,1320699900.0,-0.687411622705647,HANG SENG
2019-07-29,28106.410156,1563572300.0,-1.0258917632156916,HANG SENG
2019-07-30,28146.5,1147561000.0,0.14263594595498308,HANG SENG
2019-07-31,27777.75,1287084400.0,-1.3101096051018724,HANG SENG
2019-08-01,27565.699219,1736444000.0,-0.7633835749835782,HANG SENG
2019-08-02,26918.580077999995,2317609200.0,-2.347552064102798,HANG SENG
2019-08-05,26151.320313,2120745300.0,-2.850298057240619,HANG SENG
2019-08-06,25976.240234,2751867000.0,-0.6694884881700114,HANG SENG
2019-08-07,25997.029297,1671335000.0,0.08003106998060172,HANG SENG
2019-08-08,26120.769531,1658129900.0,0.47597836116712866,HANG SENG
2019-08-09,25939.300781,1357616900.0,-0.6947297237343442,HANG SENG
2019-08-12,25824.720703,1200393600.0,-0.4417238497189224,HANG SENG
2019-08-13,25281.300781,1979089800.0,-2.10426253298015,HANG SENG
2019-08-14,25302.279297,1915522900.0,0.08298036632579109,HANG SENG
2019-08-15,25495.460938,2145864600.0,0.7634950145495534,HANG SENG
2019-08-16,25734.220703,2022477500.0,0.9364794995494252,HANG SENG
2019-08-19,26291.839844,2144882700.0,2.1668390406514026,HANG SENG
2019-08-20,26231.539063,1822936100.0,-0.2293516975524934,HANG SENG
2019-08-21,26270.039063,1701479200.0,0.14676988608077757,HANG SENG
2019-08-22,26048.720703,1780728400.0,-0.842474422931927,HANG SENG
2019-08-23,26179.330078,1621440900.0,0.5014041821445714,HANG SENG
2019-08-26,25680.330078,2475604900.0,-1.9060839162547527,HANG SENG
2019-08-27,25664.070313,2214167200.0,-0.06331602806743941,HANG SENG
2019-08-28,25615.480469,1462114400.0,-0.18933023252897252,HANG SENG
2019-08-29,25703.5,1784869100.0,0.3436185048589113,HANG SENG
2019-08-30,25724.730469,2017892000.0,0.08259758009609985,HANG SENG
2019-09-02,25626.550781,1295066700.0,-0.38165487532827447,HANG SENG
2019-09-03,25527.849609,1149210200.0,-0.3851519966283523,HANG SENG
2019-09-04,26523.230469,2688524600.0,3.899195879190187,HANG SENG
2019-09-05,26515.529297,1996619100.0,-0.029035573208169296,HANG SENG
2019-09-06,26690.759766,1895344700.0,0.6608597815915607,HANG SENG
2019-09-09,26681.400391,1700948300.0,-0.03506597444978832,HANG SENG
2019-09-10,26683.679688,1738020300.0,0.00854264381404679,HANG SENG
2019-09-11,27159.060547000005,2072246200.0,1.7815416185414268,HANG SENG
2019-09-12,27087.630858999997,1337046900.0,-0.26300500297642415,HANG SENG
2019-09-13,27352.689452999995,1176496300.0,0.9785226156532989,HANG SENG
2019-09-16,27124.550781,2189101500.0,-0.8340630357098977,HANG SENG
2019-09-17,26790.240234,1850715100.0,-1.2325016908083741,HANG SENG
2019-09-18,26754.119141,1372644100.0,-0.1348292985971833,HANG SENG
2019-09-19,26468.949219,1330417000.0,-1.0658916501683158,HANG SENG
2019-09-20,26435.669922,1972985800.0,-0.12572957363985449,HANG SENG
2019-09-23,26222.400391,1285452900.0,-0.8067491069046695,HANG SENG
2019-09-24,26281.0,2089366000.0,0.2234715667758458,HANG SENG
2019-09-25,25945.349609,1762622300.0,-1.2771598911761273,HANG SENG
2019-09-26,26041.929688,1700238600.0,0.3722442767412071,HANG SENG
2019-09-27,25954.810547,984279500.0,-0.3345341226389298,HANG SENG
2019-09-30,26092.269531,1343934800.0,0.5296088898475437,HANG SENG
2019-10-02,26042.689453,1202153800.0,-0.19001826552916823,HANG SENG
2019-10-03,26110.310547,1142351000.0,0.25965480301886057,HANG SENG
2019-10-04,25821.029297,1137243700.0,-1.1079196070045927,HANG SENG
2019-10-08,25893.400391,1779110400.0,0.28027966339980726,HANG SENG
2019-10-09,25682.810547,1588334500.0,-0.8132954375246748,HANG SENG
2019-10-10,25707.929688,1434231600.0,0.09780526533118561,HANG SENG
2019-10-11,26308.439453,2030977900.0,2.335893136040057,HANG SENG
2019-10-14,26521.849609,2096251800.0,0.8111851574520657,HANG SENG
2019-10-15,26503.929688,1569211500.0,-0.06756663379132721,HANG SENG
2019-10-16,26664.279297,1689389100.0,0.605003148165606,HANG SENG
2019-10-17,26848.490233999997,1403839300.0,0.6908528632938671,HANG SENG
2019-10-18,26719.580078,1541856100.0,-0.48013931091273054,HANG SENG
2019-10-21,26725.679688,1045151500.0,0.02282824049701926,HANG SENG
2019-10-22,26786.199219,1496851400.0,0.22644711643076132,HANG SENG
2019-10-23,26566.730469,1270778600.0,-0.8193351666119453,HANG SENG
2019-10-24,26797.949219,1496729000.0,0.8703319750610783,HANG SENG
2019-10-25,26667.390625,1151226200.0,-0.4871962139081587,HANG SENG
2019-10-28,26891.259766000003,1476176200.0,0.8394864880035602,HANG SENG
2019-10-29,26786.759766,1515348700.0,-0.38860209937851,HANG SENG
2019-10-30,26667.710938,1554112000.0,-0.4444316111391178,HANG SENG
2019-10-31,26906.720702999995,1907594000.0,0.8962515213835509,HANG SENG
2019-11-01,27100.759766000003,1421451500.0,0.7211546332302587,HANG SENG
2019-11-04,27547.300781,1777502800.0,1.6477066283588915,HANG SENG
2019-11-05,27683.400391000003,1748633300.0,0.4940578791439165,HANG SENG
2019-11-06,27688.640625,1316670900.0,0.018929155833391498,HANG SENG
2019-11-07,27847.230469,1353594600.0,0.5727613939154885,HANG SENG
2019-11-08,27651.140625,1491797400.0,-0.704162822289589,HANG SENG
2019-11-11,26926.550781,1921659900.0,-2.6204699973384815,HANG SENG
2019-11-12,27065.279297000005,1149626200.0,0.5152108679953749,HANG SENG
2019-11-13,26571.460938,1855002900.0,-1.8245455869163707,HANG SENG
2019-11-14,26323.689453,1554697800.0,-0.9324721948037906,HANG SENG
2019-11-15,26326.660156,1180282700.0,0.01128528356675318,HANG SENG
2019-11-18,26681.089844,1425323100.0,1.3462766864456244,HANG SENG
2019-11-19,27093.800781,1542578800.0,1.546829381457271,HANG SENG
2019-11-20,26889.609375,1333243700.0,-0.7536462220656515,HANG SENG
2019-11-21,26466.880859,1712162300.0,-1.5720887206082668,HANG SENG
2019-11-22,26595.080078,1100431900.0,0.4843760006438602,HANG SENG
2019-11-25,26993.039063,1497175900.0,1.4963631763199814,HANG SENG
2019-11-26,26913.919922000005,2416392100.0,-0.293109422823179,HANG SENG
2019-11-27,26954.0,1133748200.0,0.14891951122746327,HANG SENG
2019-11-28,26893.730469,998841900.0,-0.22360143577948577,HANG SENG
2019-11-29,26346.490234,2004856800.0,-2.0348245686138355,HANG SENG
2019-12-02,26444.720703,1348911800.0,0.37284081533270896,HANG SENG
2019-12-03,26391.300781,1795451800.0,-0.2020059980967659,HANG SENG
2019-12-04,26062.560547,1502327900.0,-1.2456386167849387,HANG SENG
2019-12-05,26217.039063,1228026600.0,0.5927219458019772,HANG SENG
2019-12-06,26498.369141,1644211100.0,1.073081049785829,HANG SENG
2019-12-09,26494.730469,1301819900.0,-0.013731682809003942,HANG SENG
2019-12-10,26436.619141,956293300.0,-0.21933164433580732,HANG SENG
2019-12-11,26645.429688,1409589200.0,0.7898534448989469,HANG SENG
2019-12-12,26994.140625,1451721900.0,1.308708251595747,HANG SENG
2019-12-13,27687.759766000003,2212195500.0,2.5695174024455536,HANG SENG
2019-12-16,27508.089844,1421412600.0,-0.6489146233514931,HANG SENG
2019-12-17,27843.710938,1926224500.0,1.2200814229680335,HANG SENG
2019-12-18,27884.210938,0.0,0.14545474951304094,HANG SENG
2019-12-19,27800.490233999997,1296810200.0,-0.3002441208974971,HANG SENG
2019-12-20,27871.349608999997,1680024400.0,0.25488534340065705,HANG SENG
2019-12-23,27906.410156,1216834000.0,0.12579422055931655,HANG SENG
2019-12-24,27864.210938,483984100.0,-0.1512169346186143,HANG SENG
2019-12-27,28225.419922000005,1375016100.0,1.2963187251335384,HANG SENG
2019-12-30,28319.390625,1420447400.0,0.33292933554107673,HANG SENG
2019-12-31,28189.75,873713900.0,-0.45778041878328235,HANG SENG
2020-01-02,28543.519531,1262732800.0,1.2549580290708517,HANG SENG
2020-01-03,28451.5,1797904800.0,-0.3223832677678784,HANG SENG
2020-01-06,28226.189452999995,1793426600.0,-0.7919109607578023,HANG SENG
2020-01-07,28322.060547000005,1302687200.0,0.33965298135494315,HANG SENG
2020-01-08,28087.919922000005,1709241600.0,-0.8267075928725109,HANG SENG
2020-01-09,28561.0,1692786200.0,1.6842830630168892,HANG SENG
2020-01-10,28638.199219,1448401000.0,0.27029592451244255,HANG SENG
2020-01-13,28954.939452999995,1765055700.0,1.1060061129467114,HANG SENG
2020-01-14,28885.140625,1643504700.0,-0.24106017597893548,HANG SENG
2020-01-15,28773.589844,1240120700.0,-0.38618742573631737,HANG SENG
2020-01-16,28883.039063,1620926200.0,0.38038082697846587,HANG SENG
2020-01-17,29056.419922000005,1545082800.0,0.6002860662336351,HANG SENG
2020-01-20,28795.910156,1633383900.0,-0.8965652571766403,HANG SENG
2020-01-21,27985.330077999995,2236521700.0,-2.8149139013448066,HANG SENG
2020-01-22,28341.039063,1343288100.0,1.2710551707218798,HANG SENG
2020-01-23,27909.119141000003,1753263000.0,-1.524008774130936,HANG SENG
2020-01-24,27949.640625,612128700.0,0.1451908381460587,HANG SENG
2020-01-29,27160.630858999997,2203836100.0,-2.822969270289155,HANG SENG
2020-01-30,26449.130859,2223567800.0,-2.619600419790069,HANG SENG
2020-01-31,26312.630859,1874255200.0,-0.5160850113664628,HANG SENG
2020-02-03,26356.980469,2421482700.0,0.16854874846097267,HANG SENG
2020-02-04,26675.980469,2500238100.0,1.2103055597555867,HANG SENG
2020-02-05,26786.740234,2498930800.0,0.4152041014151786,HANG SENG
2020-02-06,27493.699219,2249533900.0,2.6392124567014896,HANG SENG
2020-02-07,27404.269531,1464514700.0,-0.3252733918693407,HANG SENG
2020-02-10,27241.339844,1612017900.0,-0.5945412513757908,HANG SENG
2020-02-11,27583.880858999997,1868625400.0,1.2574308641263299,HANG SENG
2020-02-12,27823.660156,1796561200.0,0.8692732477553866,HANG SENG
2020-02-13,27730.0,1617010200.0,-0.3366205433608438,HANG SENG
2020-02-14,27815.599608999997,1445335900.0,0.3086895384060373,HANG SENG
2020-02-17,27959.599608999997,1412999200.0,0.5176951136203645,HANG SENG
2020-02-18,27530.199219,1592221400.0,-1.535788766666668,HANG SENG
2020-02-19,27655.810547000005,1471538100.0,0.4562674138344658,HANG SENG
2020-02-20,27609.160156,1582073100.0,-0.16868206021559695,HANG SENG
2020-02-21,27308.810547000005,1773613400.0,-1.0878621707539504,HANG SENG
2020-02-24,26820.880859,2044657000.0,-1.7867116078170042,HANG SENG
2020-02-25,26893.230469,1924042900.0,0.2697510584396712,HANG SENG
2020-02-26,26696.490234,0.0,-0.7315604394450892,HANG SENG
2020-02-27,26778.619141,2110369700.0,0.3076393424009005,HANG SENG
2020-02-28,26129.929688,3191426200.0,-2.422415620403695,HANG SENG
2020-03-02,26291.679688,2201535600.0,0.6190219488967141,HANG SENG
2020-03-03,26284.820313,2136295000.0,-0.026089527490824604,HANG SENG
2020-03-04,26222.070313,1957062400.0,-0.23873094528618077,HANG SENG
2020-03-05,26767.869141,2522843200.0,2.081448266613073,HANG SENG
2020-03-06,26146.669922,2646519300.0,-2.320689837983836,HANG SENG
2020-03-09,25040.460938,4677892400.0,-4.230783450818065,HANG SENG
2020-03-10,25392.509766,3225661100.0,1.4059199184538462,HANG SENG
2020-03-11,25231.609375,2627625600.0,-0.6336529649205502,HANG SENG
2020-03-12,24309.070313,3748928400.0,-3.6562830705284766,HANG SENG
2020-03-13,24032.910156,5495155700.0,-1.136037509638177,HANG SENG
2020-03-16,23063.570313,4067029300.0,-4.033385206818152,HANG SENG
2020-03-17,23263.730469,3637973700.0,0.8678628385960563,HANG SENG
2020-03-18,22291.820313,4217153600.0,-4.17779150809503,HANG SENG
2020-03-19,21709.130859,5628397600.0,-2.613915982716719,HANG SENG
2020-03-20,22805.070313,4528187900.0,5.048288027365477,HANG SENG
2020-03-23,21696.130859,0.0,-4.86268816004417,HANG SENG
2020-03-24,22663.490234,3614066700.0,4.458672291786625,HANG SENG
2020-03-25,23527.189453,3605374900.0,3.8109717880270066,HANG SENG
2020-03-26,23352.339844,2519508100.0,-0.7431810303959008,HANG SENG
2020-03-27,23484.279297,2199674300.0,0.5649945739116369,HANG SENG
2020-03-30,23175.109375,2553435900.0,-1.3164973814610348,HANG SENG
2020-03-31,23603.480469,2876326600.0,1.8484102364673127,HANG SENG
2020-04-01,23085.789063,2879977600.0,-2.1932841924728663,HANG SENG
2020-04-02,23280.060547,2560937400.0,0.8415197915472739,HANG SENG
2020-04-03,23236.109375,1870630600.0,-0.18879320314166836,HANG SENG
2020-04-06,23749.119141,1834036600.0,2.2078126665729725,HANG SENG
2020-04-07,24253.289063,2535034600.0,2.122899460004013,HANG SENG
2020-04-08,23970.369141,1840854100.0,-1.1665218736522376,HANG SENG
2020-04-09,24300.330078,1725334600.0,1.3765367360806247,HANG SENG
2020-04-14,24435.400391,2050447800.0,0.555837359272271,HANG SENG
2020-04-15,24145.339844,1906625200.0,-1.1870505183407376,HANG SENG
2020-04-16,24006.449219,1865473400.0,-0.575227459614791,HANG SENG
2020-04-17,24380.0,1937579000.0,1.5560434514586774,HANG SENG
2020-04-20,24330.019531,1375091600.0,-0.20500602543067625,HANG SENG
2020-04-21,23793.550781,2160661700.0,-2.204966376276274,HANG SENG
2020-04-22,23893.359375,1668362400.0,0.41947750850075405,HANG SENG
2020-04-23,23977.320313,1814344800.0,0.3513986320728524,HANG SENG
2020-04-24,23831.330078,1301664900.0,-0.6088680181698503,HANG SENG
2020-04-27,24280.140625,1592713000.0,1.8832794708941725,HANG SENG
2020-04-28,24575.960938,1687557300.0,1.2183632606122874,HANG SENG
2020-04-29,24643.589844,1648009000.0,0.27518316036800883,HANG SENG
2020-05-04,23613.800781,2556774000.0,-4.178729923354574,HANG SENG
2020-05-05,23868.660156,1332967300.0,1.079281464951909,HANG SENG
2020-05-06,24137.480469,0.0,1.1262480224824012,HANG SENG
2020-05-07,23980.630859,1317060000.0,-0.6498176568239589,HANG SENG
2020-05-08,24230.169922,1274113200.0,1.0405858981243021,HANG SENG
2020-05-11,24602.060547,1458200000.0,1.5348246677475252,HANG SENG
2020-05-12,24245.679688,1479628600.0,-1.4485813426853733,HANG SENG
2020-05-13,24180.300781,1359038500.0,-0.2696517806112797,HANG SENG
2020-05-14,23829.740234,1697720800.0,-1.449777445595124,HANG SENG
2020-05-15,23797.470703,1509478600.0,-0.135417048961195,HANG SENG
2020-05-18,23934.769531,1645114700.0,0.5769471458271225,HANG SENG
2020-05-19,24388.130859,2022987500.0,1.8941537223193805,HANG SENG
2020-05-20,24399.949219,1432021300.0,0.04845947427594144,HANG SENG
2020-05-21,24280.029297,1474345000.0,-0.49147611301837424,HANG SENG
2020-05-22,22930.140625,3680989100.0,-5.559666569952581,HANG SENG
2020-05-25,22952.240234,1769029000.0,0.096377991576313,HANG SENG
2020-05-26,23384.660156,1421148200.0,1.8839987626107169,HANG SENG
2020-05-27,23301.359375,1837146100.0,-0.35621976305962866,HANG SENG
2020-05-28,23132.759766,2356792600.0,-0.723561257893357,HANG SENG
2020-05-29,22961.470703,3621412000.0,-0.7404609944195117,HANG SENG
2020-06-01,23732.519531,2569148800.0,3.3580115053312376,HANG SENG
2020-06-02,23995.939453,1813293900.0,1.1099534613504103,HANG SENG
2020-06-03,24325.619141,2455118300.0,1.373897815693903,HANG SENG
2020-06-04,24366.300781,1888873500.0,0.16723783992587116,HANG SENG
2020-06-05,24770.410156,2397618300.0,1.6584765107845678,HANG SENG
2020-06-08,24776.769531,2123439500.0,0.02567327290887711,HANG SENG
2020-06-09,25057.220703,2203396500.0,1.131911775863692,HANG SENG
2020-06-10,25049.730469,1971349200.0,-0.029892517166130173,HANG SENG
2020-06-11,24480.150391,1838958200.0,-2.2737972318898847,HANG SENG
2020-06-12,24301.380859,1824519600.0,-0.7302632097624828,HANG SENG
2020-06-15,23776.949219,2104538300.0,-2.1580322659145557,HANG SENG
2020-06-16,24344.089844,1611589900.0,2.385253969196355,HANG SENG
2020-06-17,24481.410156,1278279300.0,0.5640806983541857,HANG SENG
2020-06-18,24464.939453,1811327100.0,-0.06727840796362239,HANG SENG
2020-06-19,24643.890625,2390285700.0,0.7314596970239284,HANG SENG
2020-06-22,24511.339844,1612294200.0,-0.5378646700595846,HANG SENG
2020-06-23,24907.339844,1549053700.0,1.6155787587308623,HANG SENG
2020-06-24,24781.580078,1431913700.0,-0.5049104673066629,HANG SENG
2020-06-26,24549.990234,1509260100.0,-0.9345241234460011,HANG SENG
2020-06-29,24301.279297,1835855400.0,-1.0130795761195577,HANG SENG
2020-06-30,24427.189453,1892323300.0,0.5181215131153216,HANG SENG
2020-07-02,25124.189453,2746546400.0,2.8533777958413387,HANG SENG
2020-07-03,25373.119141,2320568900.0,0.990796891042689,HANG SENG
2020-07-06,26339.160156,4883381900.0,3.8073403968651,HANG SENG
2020-07-07,25975.660156,3913840700.0,-1.3800743753676459,HANG SENG
2020-07-08,26129.179688,2582679500.0,0.5910130140216685,HANG SENG
2020-07-09,26210.160156,2452681700.0,0.3099234991950084,HANG SENG
2020-07-10,25727.410156,2142150800.0,-1.841842999534249,HANG SENG
2020-07-13,25772.119141,2127288800.0,0.17377957877959815,HANG SENG
2020-07-14,25477.890625,2180279200.0,-1.141654337349085,HANG SENG
2020-07-15,25481.580078,1849317300.0,0.014480998659993638,HANG SENG
2020-07-16,24970.689453,1935051700.0,-2.0049409158935494,HANG SENG
2020-07-17,25089.169922,1362500400.0,0.47447816458174863,HANG SENG
2020-07-20,25057.990234,1650620500.0,-0.12427548658220378,HANG SENG
2020-07-21,25635.660156,1752171900.0,2.3053322178096636,HANG SENG
2020-07-22,25057.939453,2390051200.0,-2.2535823126239585,HANG SENG
2020-07-23,25263.0,0.0,0.8183456081240159,HANG SENG
2020-07-24,24705.330078,3029706400.0,-2.207457237857735,HANG SENG
2020-07-27,24603.259766,1491211000.0,-0.4131509746186035,HANG SENG
2020-07-28,24772.759766,1358418200.0,0.6889330991588283,HANG SENG
2020-07-29,24883.140625,1080335100.0,0.4455735252860027,HANG SENG
2020-07-30,24710.589844,1779681900.0,-0.6934445438396164,HANG SENG
2020-07-31,24595.349609,1763233900.0,-0.46635970945055893,HANG SENG
2020-08-03,24458.130859,2012723100.0,-0.557905263317704,HANG SENG
2020-08-04,24946.630859,1906615900.0,1.997290810226593,HANG SENG
2020-08-05,25102.539063,1477936300.0,0.6249669740222785,HANG SENG
2020-08-06,24930.580078,1596206100.0,-0.6850262619587433,HANG SENG
2020-08-07,24531.619141,1610164700.0,-1.6002874211180629,HANG SENG
2020-08-10,24377.429688,1256444100.0,-0.628533535082898,HANG SENG
2020-08-11,24890.679688,1628363900.0,2.1054311572997753,HANG SENG
2020-08-12,25244.019531,1763950100.0,1.4195668717329246,HANG SENG
2020-08-13,25230.669922,1761196500.0,-0.05288226379165373,HANG SENG
2020-08-14,25183.009766,1429766800.0,-0.18889770326091515,HANG SENG
2020-08-17,25347.339844,1955689100.0,0.6525434391160934,HANG SENG
2020-08-18,25367.380859,1534776000.0,0.07906555529433312,HANG SENG
2020-08-19,25178.910156,1132238600.0,-0.7429647705751719,HANG SENG
2020-08-20,24791.390625,1995701500.0,-1.5390639570937004,HANG SENG
2020-08-21,25113.839844,1210267900.0,1.3006499872372457,HANG SENG
2020-08-24,25551.580078,1352263800.0,1.743023913185393,HANG SENG
2020-08-25,25486.220703,1350837400.0,-0.2557938679349059,HANG SENG
2020-08-26,25491.789063,1319876200.0,0.021848512044564394,HANG SENG
2020-08-27,25281.150391,1701268300.0,-0.8263000744256566,HANG SENG
2020-08-28,25422.060547,2065272600.0,0.5573724052136741,HANG SENG
2020-08-31,25177.050781,3195378200.0,-0.9637683206167647,HANG SENG
2020-09-01,25184.849609,1729452000.0,0.030975939429267463,HANG SENG
2020-09-02,25120.089844,2349955800.0,-0.25713778722291636,HANG SENG
2020-09-03,25007.599609,2007341100.0,-0.4478098434304245,HANG SENG
2020-09-04,24695.449219,3393745100.0,-1.2482221199977217,HANG SENG
2020-09-07,24589.650391,1682872900.0,-0.42841426799639093,HANG SENG
2020-09-08,24624.339844,2074591000.0,0.14107338839064454,HANG SENG
2020-09-09,24468.929688,1749348400.0,-0.6311241518942357,HANG SENG
2020-09-10,24313.539063,1349478000.0,-0.6350528077090578,HANG SENG
2020-09-11,24503.310547,1306598900.0,0.7805177333841673,HANG SENG
2020-09-14,24640.279297,1091380700.0,0.5589805905503287,HANG SENG
2020-09-15,24732.759766,1733769600.0,0.37532232441561675,HANG SENG
2020-09-16,24725.630859,1303202100.0,-0.028823742548123032,HANG SENG
2020-09-17,24340.849609,1630900300.0,-1.5562039739016043,HANG SENG
2020-09-18,24455.410156,2301812900.0,0.47065138990729505,HANG SENG
2020-09-21,23950.689453,1602081500.0,-2.0638406789353025,HANG SENG
2020-09-22,23716.849609,1553227700.0,-0.976338674754551,HANG SENG
2020-09-23,23742.509766,1642933400.0,0.1081937838415925,HANG SENG
2020-09-24,23311.070313,1913657500.0,-1.8171602633931916,HANG SENG
2020-09-25,23235.419922,1794075400.0,-0.3245256008593045,HANG SENG
2020-09-28,23476.050781,1446839400.0,1.0356208745432083,HANG SENG
2020-09-29,23275.529297,1526746600.0,-0.8541533917718835,HANG SENG
2020-09-30,23459.050781,1453016000.0,0.7884739447092004,HANG SENG
2020-10-05,23767.779297,1420427500.0,1.3160315772454245,HANG SENG
2020-10-06,23980.650391,1325452200.0,0.8956288736106988,HANG SENG
2020-10-07,24242.859375,1537076100.0,1.0934189845760445,HANG SENG
2020-10-08,24193.349609,1182030300.0,-0.20422411908660454,HANG SENG
2020-10-09,24119.130859,1358969500.0,-0.3067733538327011,HANG SENG
2020-10-12,24649.679688,2430403500.0,2.1997012748990796,HANG SENG
2020-10-14,24667.089844,2550042800.0,0.07063035390464378,HANG SENG
2020-10-15,24158.539063,2134202800.0,-2.0616569859524647,HANG SENG
2020-10-16,24386.789063,2697525100.0,0.9448005088584788,HANG SENG
2018-10-22,7468.629883,2282400000.0,0.26312283029754635,NASDAQ
2018-10-23,7437.540039,2735820000.0,-0.41627238847068426,NASDAQ
2018-10-24,7108.399901999999,2935550000.0,-4.425389783101663,NASDAQ
2018-10-25,7318.339844,2741810000.0,2.953406461290009,NASDAQ
2018-10-26,7167.209961,2964780000.0,-2.06508424344225,NASDAQ
2018-10-29,7050.290039,2689550000.0,-1.6313171043713326,NASDAQ
2018-10-30,7161.649901999999,2681310000.0,1.5795075434342554,NASDAQ
2018-10-31,7305.899901999999,2899730000.0,2.01420066568343,NASDAQ
2018-11-01,7434.060059,2708880000.0,1.7542008338345516,NASDAQ
2018-11-02,7356.990234000001,2889910000.0,-1.036712434232967,NASDAQ
2018-11-05,7328.850098000001,2166470000.0,-0.3824952202593934,NASDAQ
2018-11-06,7375.959961,2285680000.0,0.6428001988040943,NASDAQ
2018-11-07,7570.75,2677530000.0,2.640877120130014,NASDAQ
2018-11-08,7530.879883,2462430000.0,-0.5266336492421586,NASDAQ
2018-11-09,7406.899901999999,2418490000.0,-1.6462881220542291,NASDAQ
2018-11-12,7200.870117,2289070000.0,-2.7815926733985807,NASDAQ
2018-11-13,7200.870117,2343940000.0,0.0,NASDAQ
2018-11-14,7136.390137,2540220000.0,-0.8954470633732781,NASDAQ
2018-11-15,7259.029785,2508720000.0,1.7185109788792285,NASDAQ
2018-11-16,7247.870117,2438260000.0,-0.153734980163045,NASDAQ
2018-11-19,7028.47998,2354020000.0,-3.0269601063271923,NASDAQ
2018-11-20,6908.819823999999,2664950000.0,-1.7025040455475704,NASDAQ
2018-11-21,6972.25,1858050000.0,0.9181043595847704,NASDAQ
2018-11-23,6938.97998,958950000.0,-0.4771776686148699,NASDAQ
2018-11-26,7081.850098000001,2011180000.0,2.0589498515890092,NASDAQ
2018-11-27,7082.700195,2067360000.0,0.012003883000000215,NASDAQ
2018-11-28,7291.589844,2390260000.0,2.949293959208732,NASDAQ
2018-11-29,7273.080078,1983460000.0,-0.25385089392035987,NASDAQ
2018-11-30,7330.540039,2542820000.0,0.7900361385241528,NASDAQ
2018-12-03,7441.509765999999,2621020000.0,1.5138001621929131,NASDAQ
2018-12-04,7158.430176000001,2635810000.0,-3.804061257748792,NASDAQ
2018-12-06,7188.259765999999,2833870000.0,0.4167057478608571,NASDAQ
2018-12-07,6969.25,2475160000.0,-3.0467703328683426,NASDAQ
2018-12-10,7020.52002,2367560000.0,0.7356605086630497,NASDAQ
2018-12-11,7031.830078,2246060000.0,0.1611000035293575,NASDAQ
2018-12-12,7098.310059,2412300000.0,0.945415066384947,NASDAQ
2018-12-13,7070.330078,2143520000.0,-0.39417806164333546,NASDAQ
2018-12-14,6910.660156,2200510000.0,-2.2583093043538116,NASDAQ
2018-12-17,6753.72998,2665240000.0,-2.270842039074217,NASDAQ
2018-12-18,6783.910156,2595400000.0,0.4468667845675345,NASDAQ
2018-12-19,6636.830078,2899950000.0,-2.168072315490732,NASDAQ
2018-12-20,6528.410156,3258090000.0,-1.6336100325876068,NASDAQ
2018-12-21,6332.990234000001,4534120000.0,-2.9933769069395377,NASDAQ
2018-12-24,6192.919922,1647270000.0,-2.2117563240189986,NASDAQ
2018-12-26,6554.359863000001,2558940000.0,5.836341266354905,NASDAQ
2018-12-27,6579.490234000001,2415870000.0,0.3834145748063511,NASDAQ
2018-12-28,6584.52002,2199090000.0,0.07644643917863458,NASDAQ
2018-12-31,6635.279785,2098560000.0,0.7708954463775841,NASDAQ
2019-01-02,6665.939941,2261800000.0,0.46207781726570474,NASDAQ
2019-01-03,6463.5,2607290000.0,-3.0369301672650617,NASDAQ
2019-01-04,6738.859863,2579550000.0,4.260228405662558,NASDAQ
2019-01-07,6823.470215,2507550000.0,1.255558858918504,NASDAQ
2019-01-08,6897.0,2380290000.0,1.0776010253310542,NASDAQ
2019-01-09,6957.080078,2422590000.0,0.8711045092069103,NASDAQ
2019-01-10,6986.069823999999,2179080000.0,0.4166941543719105,NASDAQ
2019-01-11,6971.47998,2066500000.0,-0.2088419435757327,NASDAQ
2019-01-14,6905.919922,1942210000.0,-0.9404037333260784,NASDAQ
2019-01-15,7023.830078,2038090000.0,1.7073779790636845,NASDAQ
2019-01-16,7034.689941,2149580000.0,0.15461454618634907,NASDAQ
2019-01-17,7084.459961,2128840000.0,0.7074941527973833,NASDAQ
2019-01-18,7157.22998,2451240000.0,1.0271780686262666,NASDAQ
2019-01-22,7020.359863,2380950000.0,-1.9123336455928786,NASDAQ
2019-01-23,7025.77002,2274420000.0,0.0770638130463075,NASDAQ
2019-01-24,7073.459961,2400290000.0,0.6787859674347807,NASDAQ
2019-01-25,7164.859863,2440840000.0,1.2921526735705013,NASDAQ
2019-01-28,7085.680176000001,2435480000.0,-1.1051114538735085,NASDAQ
2019-01-29,7028.290039,2089690000.0,-0.8099453485691743,NASDAQ
2019-01-30,7183.080078,2544050000.0,2.2023854755718553,NASDAQ
2019-01-31,7281.740234000001,2918710000.0,1.3735076725953865,NASDAQ
2019-02-01,7263.870117,2383430000.0,-0.24540997654051155,NASDAQ
2019-02-04,7347.540039,2099470000.0,1.151864235625344,NASDAQ
2019-02-05,7402.080078,2265520000.0,0.7422897828457842,NASDAQ
2019-02-06,7375.279785,2167130000.0,-0.36206434836680845,NASDAQ
2019-02-07,7288.350098000001,2295080000.0,-1.1786629054642561,NASDAQ
2019-02-08,7298.200195,2086260000.0,0.13514851602287603,NASDAQ
2019-02-11,7307.899901999999,1897800000.0,0.13290546629076694,NASDAQ
2019-02-12,7414.620117,2124330000.0,1.4603404046461321,NASDAQ
2019-02-13,7420.379883,2093800000.0,0.07768120158702096,NASDAQ
2019-02-14,7426.950195,2103370000.0,0.08854414603560734,NASDAQ
2019-02-15,7472.410156,2257750000.0,0.6120945988112858,NASDAQ
2019-02-19,7486.77002,2120790000.0,0.1921717852769289,NASDAQ
2019-02-20,7489.069823999999,2181760000.0,0.03071824022717884,NASDAQ
2019-02-21,7459.709961,2119080000.0,-0.39203617658779555,NASDAQ
2019-02-22,7527.540039,2417680000.0,0.9092857276572719,NASDAQ
2019-02-25,7554.459961,2363140000.0,0.3576191140867824,NASDAQ
2019-02-26,7549.299805,2257710000.0,-0.06830608708814356,NASDAQ
2019-02-27,7554.509765999999,2423360000.0,0.06901250625321875,NASDAQ
2019-02-28,7532.529785,2647080000.0,-0.290951784838811,NASDAQ
2019-03-01,7595.350098000001,2463190000.0,0.8339869179820436,NASDAQ
2019-03-04,7577.569823999999,2569590000.0,-0.23409419935340736,NASDAQ
2019-03-05,7576.359863,2142610000.0,-0.01596766546666517,NASDAQ
2019-03-06,7505.919922,2242810000.0,-0.9297333056208279,NASDAQ
2019-03-07,7421.459961,2440840000.0,-1.125244631939737,NASDAQ
2019-03-08,7408.140137,2245430000.0,-0.179477138864792,NASDAQ
2019-03-11,7558.060059,2226950000.0,2.023718763785576,NASDAQ
2019-03-12,7591.029785,2161400000.0,0.4362194232730321,NASDAQ
2019-03-13,7643.410156,2366350000.0,0.6900298442183095,NASDAQ
2019-03-14,7630.910156,2176510000.0,-0.1635395686595209,NASDAQ
2019-03-15,7688.529785,3447190000.0,0.7550819996838154,NASDAQ
2019-03-18,7714.47998,2274490000.0,0.33751829967061386,NASDAQ
2019-03-19,7723.950195,2433160000.0,0.12275895490754252,NASDAQ
2019-03-20,7728.970215,2424400000.0,0.06499291001706986,NASDAQ
2019-03-21,7838.959961,2483580000.0,1.4230840971095615,NASDAQ
2019-03-22,7642.669922,2490730000.0,-2.5040316569617915,NASDAQ
2019-03-25,7637.540039,2130230000.0,-0.06712160870945283,NASDAQ
2019-03-26,7691.52002,2068900000.0,0.7067718234452292,NASDAQ
2019-03-27,7643.379883,2221650000.0,-0.6258858700857961,NASDAQ
2019-03-28,7669.169922,1902060000.0,0.33741668469680075,NASDAQ
2019-03-29,7729.319823999999,2233470000.0,0.7843078535455517,NASDAQ
2019-04-01,7828.910156,2198050000.0,1.288474720515076,NASDAQ
2019-04-02,7848.689941,2110100000.0,0.2526505555162206,NASDAQ
2019-04-03,7895.549805,2487210000.0,0.5970405806861256,NASDAQ
2019-04-04,7891.779785,2094200000.0,-0.04774866973307201,NASDAQ
2019-04-05,7938.689941,2148730000.0,0.5944179548593498,NASDAQ
2019-04-08,7953.879883,2069190000.0,0.1913406634204362,NASDAQ
2019-04-09,7909.279785,2067570000.0,-0.560733863926266,NASDAQ
2019-04-10,7964.240234000001,1998280000.0,0.6948856342676502,NASDAQ
2019-04-11,7947.359863,1956840000.0,-0.21195205699517938,NASDAQ
2019-04-12,7984.160156,1955290000.0,0.46305054300270765,NASDAQ
2019-04-15,7976.009765999999,1816920000.0,-0.10208199536022589,NASDAQ
2019-04-16,8000.22998,2095330000.0,0.30366329418560767,NASDAQ
2019-04-17,7996.080078,2290690000.0,-0.05187228380152398,NASDAQ
2019-04-18,7998.060059,2089360000.0,0.02476189558742181,NASDAQ
2019-04-22,8015.27002,1776060000.0,0.21517669126069894,NASDAQ
2019-04-23,8120.819823999999,2075070000.0,1.316858992106651,NASDAQ
2019-04-24,8102.009765999999,2022490000.0,-0.2316275746496621,NASDAQ
2019-04-25,8118.680176000001,2063270000.0,0.20575647871912128,NASDAQ
2019-04-26,8146.399901999999,1971270000.0,0.34143143219191874,NASDAQ
2019-04-29,8161.850098000001,1761110000.0,0.1896567340894828,NASDAQ
2019-04-30,8095.390137,2115770000.0,-0.8142756875219481,NASDAQ
2019-05-01,8049.640137,2247420000.0,-0.5651364446402574,NASDAQ
2019-05-02,8036.77002,2158600000.0,-0.15988437720144688,NASDAQ
2019-05-03,8164.0,2046040000.0,1.5830984298839113,NASDAQ
2019-05-06,8123.290039,1966120000.0,-0.49865214355707677,NASDAQ
2019-05-07,7963.759765999999,2376660000.0,-1.963862822010476,NASDAQ
2019-05-08,7943.319823999999,2175100000.0,-0.25666196119156215,NASDAQ
2019-05-09,7910.589844,2520770000.0,-0.4120440914529011,NASDAQ
2019-05-10,7916.939941,2387720000.0,0.08027336930906959,NASDAQ
2019-05-13,7647.02002,2478860000.0,-3.4093971030668913,NASDAQ
2019-05-14,7734.490234000001,2084850000.0,1.143847064231962,NASDAQ
2019-05-15,7822.149901999999,2001530000.0,1.1333606397827767,NASDAQ
2019-05-16,7898.049805,2163120000.0,0.970320231022348,NASDAQ
2019-05-17,7816.279785,2134120000.0,-1.0353191233136272,NASDAQ
2019-05-20,7702.379883,2122410000.0,-1.457213727412654,NASDAQ
2019-05-21,7785.720215,1993210000.0,1.0820075517690597,NASDAQ
2019-05-22,7750.839844,1881830000.0,-0.4480044239555281,NASDAQ
2019-05-23,7628.279785,2243420000.0,-1.5812487609955572,NASDAQ
2019-05-24,7637.009765999999,1682920000.0,0.11444232836301804,NASDAQ
2019-05-28,7607.350098000001,2352670000.0,-0.3883675536470177,NASDAQ
2019-05-29,7547.310059,2278790000.0,-0.7892372275042914,NASDAQ
2019-05-30,7567.720215,1872000000.0,0.2704295416571689,NASDAQ
2019-05-31,7453.149901999999,2236940000.0,-1.5139343123826254,NASDAQ
2019-06-03,7333.02002,2576920000.0,-1.6118001593898312,NASDAQ
2019-06-04,7527.120117,2369150000.0,2.6469325935373655,NASDAQ
2019-06-05,7575.47998,2115570000.0,0.6424749738054292,NASDAQ
2019-06-06,7615.549805,2070940000.0,0.528941071797262,NASDAQ
2019-06-07,7742.100098000001,2066020000.0,1.661735478598203,NASDAQ
2019-06-10,7823.169922,2049370000.0,1.0471296285738063,NASDAQ
2019-06-11,7822.569823999999,2114680000.0,-0.0076707780347851084,NASDAQ
2019-06-12,7792.720215,1952790000.0,-0.38158315836848145,NASDAQ
2019-06-13,7837.129883,1838930000.0,0.5698865963969402,NASDAQ
2019-06-14,7796.660156,1804340000.0,-0.5163845387810229,NASDAQ
2019-06-17,7845.02002,1935290000.0,0.620263844163893,NASDAQ
2019-06-18,7953.879883,2244920000.0,1.3876301490942433,NASDAQ
2019-06-19,7987.319823999999,2014080000.0,0.42042300728568627,NASDAQ
2019-06-20,8051.339844,2053530000.0,0.801520677907952,NASDAQ
2019-06-21,8031.709961,2894340000.0,-0.2438088986472131,NASDAQ
2019-06-24,8005.700195,2070370000.0,-0.3238384618754475,NASDAQ
2019-06-25,7884.720215,2127310000.0,-1.511173002400945,NASDAQ
2019-06-26,7909.970215,2104750000.0,0.32023964467329247,NASDAQ
2019-06-27,7967.759765999999,2023120000.0,0.7305912592491248,NASDAQ
2019-06-28,8006.240234000001,4078990000.0,0.4829521613365584,NASDAQ
2019-07-01,8091.160156,2208900000.0,1.0606716700726881,NASDAQ
2019-07-02,8109.089844,1946320000.0,0.22159600915456767,NASDAQ
2019-07-03,8170.22998,1548190000.0,0.7539703860259817,NASDAQ
2019-07-05,8161.790039,149410000.0,-0.10330114354993869,NASDAQ
2019-07-08,8098.379883,177320000.0,-0.776914815218277,NASDAQ
2019-07-09,8141.72998,1866770000.0,0.5352934491378969,NASDAQ
2019-07-10,8202.530273,2060510000.0,0.7467736359392241,NASDAQ
2019-07-11,8196.040039,1966970000.0,-0.07912477959837183,NASDAQ
2019-07-12,8244.139648,1824870000.0,0.5868640071439835,NASDAQ
2019-07-15,8258.19043,1783980000.0,0.170433575848139,NASDAQ
2019-07-16,8222.799805,1933960000.0,-0.4285518153157919,NASDAQ
2019-07-17,8185.209961,1846960000.0,-0.45714166575165915,NASDAQ
2019-07-18,8207.240234,2016310000.0,0.26914731698965966,NASDAQ
2019-07-19,8146.490234000001,1878730000.0,-0.740200094890997,NASDAQ
2019-07-22,8204.139648,1845770000.0,0.7076595238449501,NASDAQ
2019-07-23,8251.400391,1832220000.0,0.5760597092166808,NASDAQ
2019-07-24,8321.5,1947550000.0,0.8495480243142728,NASDAQ
2019-07-25,8238.540039,2023130000.0,-0.9969351799555382,NASDAQ
2019-07-26,8330.209961,1954350000.0,1.1126962006138053,NASDAQ
2019-07-29,8293.330078,1874780000.0,-0.4427245312262462,NASDAQ
2019-07-30,8273.610352,1884300000.0,-0.23777813995746744,NASDAQ
2019-07-31,8175.419922,2667060000.0,-1.1867906007474005,NASDAQ
2019-08-01,8111.120117,2792650000.0,-0.7865015572713241,NASDAQ
2019-08-02,8004.069823999999,2252550000.0,-1.3197966674865946,NASDAQ
2019-08-05,7726.040039,2636740000.0,-3.473605192277729,NASDAQ
2019-08-06,7833.27002,2201610000.0,1.387903511484767,NASDAQ
2019-08-07,7862.830078,2453230000.0,0.3773654926298553,NASDAQ
2019-08-08,8039.160156,2415670000.0,2.2425777519136103,NASDAQ
2019-08-09,7959.140137,2224330000.0,-0.9953778435459748,NASDAQ
2019-08-12,7863.410156,2056360000.0,-1.2027678788438023,NASDAQ
2019-08-13,8016.359863,2346980000.0,1.945081128488435,NASDAQ
2019-08-14,7773.939941,2522870000.0,-3.0240648641399415,NASDAQ
2019-08-15,7766.620117,2182590000.0,-0.09415848405767147,NASDAQ
2019-08-16,7895.990234000001,1995130000.0,1.6657196444670674,NASDAQ
2019-08-19,8002.810059,1934980000.0,1.3528363363474627,NASDAQ
2019-08-20,7948.560059,1747580000.0,-0.6778868872314492,NASDAQ
2019-08-21,8020.209961,1716370000.0,0.9014198982980837,NASDAQ
2019-08-22,7991.390137,1777630000.0,-0.3593400190286977,NASDAQ
2019-08-23,7751.77002,2207070000.0,-2.9984785236621514,NASDAQ
2019-08-26,7853.740234000001,1688860000.0,1.3154442628833474,NASDAQ
2019-08-27,7826.950195,1913760000.0,-0.34111185501173313,NASDAQ
2019-08-28,7856.879883,1656930000.0,0.3823927232744939,NASDAQ
2019-08-29,7973.390137,1700840000.0,1.4829074102570283,NASDAQ
2019-08-30,7962.879883,1665840000.0,-0.13181662780087366,NASDAQ
2019-09-03,7874.160156,1936210000.0,-1.1141663355918263,NASDAQ
2019-09-04,7976.879883,1891300000.0,1.3045166083106574,NASDAQ
2019-09-05,8116.830078,2096300000.0,1.754447817350946,NASDAQ
2019-09-06,8103.069823999999,1876380000.0,-0.16952743703846362,NASDAQ
2019-09-09,8087.439941,2172240000.0,-0.1928884156188082,NASDAQ
2019-09-10,8084.160156,2362860000.0,-0.04055405695654324,NASDAQ
2019-09-11,8169.680176000001,2310440000.0,1.0578714220119467,NASDAQ
2019-09-12,8194.469727,2159260000.0,0.3034335551203471,NASDAQ
2019-09-13,8176.709961,1976770000.0,-0.2167286791173728,NASDAQ
2019-09-16,8153.540039,1869220000.0,-0.28336485102824494,NASDAQ
2019-09-17,8186.02002,1850340000.0,0.39835434479553733,NASDAQ
2019-09-18,8177.390137,2034880000.0,-0.10542220735980656,NASDAQ
2019-09-19,8182.879883,1792700000.0,0.06713322842650804,NASDAQ
2019-09-20,8117.669922,3359380000.0,-0.796907224991461,NASDAQ
2019-09-23,8112.459961,1780160000.0,-0.06418049822253247,NASDAQ
2019-09-24,7993.629883,2302600000.0,-1.464784770233274,NASDAQ
2019-09-25,8077.379883,2015270000.0,1.0477092538160981,NASDAQ
2019-09-26,8030.660156,1832800000.0,-0.5784020025890846,NASDAQ
2019-09-27,7939.629883,2037720000.0,-1.1335341208778216,NASDAQ
2019-09-30,7999.339844,1805820000.0,0.7520496783842479,NASDAQ
2019-10-01,7908.680176000001,2243650000.0,-1.133339372598352,NASDAQ
2019-10-02,7785.25,2495160000.0,-1.5606924702122438,NASDAQ
2019-10-03,7872.259765999999,2141490000.0,1.1176232747824422,NASDAQ
2019-10-04,7982.470215,1736890000.0,1.399984912540564,NASDAQ
2019-10-07,7956.290039,1739450000.0,-0.327970857326898,NASDAQ
2019-10-08,7823.779785,1933580000.0,-1.665477921876457,NASDAQ
2019-10-09,7903.740234000001,1553900000.0,1.0220181446479737,NASDAQ
2019-10-10,7950.779785,1778740000.0,0.595155579603257,NASDAQ
2019-10-11,8057.040039,2176080000.0,1.3364758787618891,NASDAQ
2019-10-14,8048.649901999999,1419730000.0,-0.10413423489754603,NASDAQ
2019-10-15,8148.709961,1836650000.0,1.2431905998934845,NASDAQ
2019-10-16,8124.180176000001,1886720000.0,-0.3010266056516775,NASDAQ
2019-10-17,8156.850098000001,1861570000.0,0.40213192337255066,NASDAQ
2019-10-18,8089.540039,2012930000.0,-0.8251967143113825,NASDAQ
2019-10-21,8162.990234000001,1752860000.0,0.9079650344258727,NASDAQ
2019-10-22,8104.299805,1847200000.0,-0.7189819823077537,NASDAQ
2019-10-23,8119.790039,1805030000.0,0.19113599413540516,NASDAQ
2019-10-24,8185.799805,1882490000.0,0.812949173352373,NASDAQ
2019-10-25,8243.120117,1894740000.0,0.7002408239325408,NASDAQ
2019-10-28,8325.990234,1956280000.0,1.0053246322238474,NASDAQ
2019-10-29,8276.849609,1834530000.0,-0.5902075743414836,NASDAQ
2019-10-30,8303.980469,1928420000.0,0.3277921103036263,NASDAQ
2019-10-31,8292.360352,2258270000.0,-0.13993430070530222,NASDAQ
2019-11-01,8386.400391,2057310000.0,1.1340563483510202,NASDAQ
2019-11-04,8433.200195,2149910000.0,0.5580439976396123,NASDAQ
2019-11-05,8434.679688,2316710000.0,0.017543672221576045,NASDAQ
2019-11-06,8410.629883,2332650000.0,-0.2851300332627482,NASDAQ
2019-11-07,8434.519531,2393950000.0,0.28404112810014315,NASDAQ
2019-11-08,8475.30957,1974190000.0,0.48360832943810106,NASDAQ
2019-11-11,8464.280273,1715470000.0,-0.1301344441628327,NASDAQ
2019-11-12,8486.089844,1987820000.0,0.2576659833626982,NASDAQ
2019-11-13,8482.099609,2173320000.0,-0.04702089034351875,NASDAQ
2019-11-14,8479.019531,2106550000.0,-0.03631268367483287,NASDAQ
2019-11-15,8540.830078,2188210000.0,0.7289822458129258,NASDAQ
2019-11-18,8549.94043,2047240000.0,0.10666822682103838,NASDAQ
2019-11-19,8570.660156,2075000000.0,0.24233766503563015,NASDAQ
2019-11-20,8526.730469,2596030000.0,-0.5125589651252982,NASDAQ
2019-11-21,8506.209961,2056230000.0,-0.24066092008659945,NASDAQ
2019-11-22,8519.879883,1877090000.0,0.16070520317126302,NASDAQ
2019-11-25,8632.490234,2256070000.0,1.321736368897608,NASDAQ
2019-11-26,8647.929688,2434570000.0,0.17885284062284512,NASDAQ
2019-11-27,8705.179688,1744580000.0,0.6620081576222958,NASDAQ
2019-11-29,8665.469727,1099090000.0,-0.4561647481526432,NASDAQ
2019-12-02,8567.990234,2225940000.0,-1.1249187415226958,NASDAQ
2019-12-03,8520.639648,2308600000.0,-0.5526451910752739,NASDAQ
2019-12-04,8566.669922,2150680000.0,0.5402208742720793,NASDAQ
2019-12-05,8570.700195,2123380000.0,0.04704597044937753,NASDAQ
2019-12-06,8656.530273,2053530000.0,1.0014360092781338,NASDAQ
2019-12-09,8621.830078,2088520000.0,-0.40085569975109037,NASDAQ
2019-12-10,8616.179688,2053390000.0,-0.06553585432422793,NASDAQ
2019-12-11,8654.049805,1937850000.0,0.4395232965341167,NASDAQ
2019-12-12,8717.320313,2388270000.0,0.7311086650257481,NASDAQ
2019-12-13,8734.879883,2188720000.0,0.20143311670919317,NASDAQ
2019-12-16,8814.230469,2346290000.0,0.9084336254518321,NASDAQ
2019-12-17,8823.360352,2374120000.0,0.10358116947486451,NASDAQ
2019-12-18,8827.740234,2727870000.0,0.049639613766983004,NASDAQ
2019-12-19,8887.219727,2415950000.0,0.673779375280148,NASDAQ
2019-12-20,8924.959961,3825460000.0,0.42465737496444333,NASDAQ
2019-12-23,8945.650391,2025450000.0,0.23182658623019936,NASDAQ
2019-12-24,8952.879883,1014520000.0,0.08081572254683422,NASDAQ
2019-12-26,9022.389648,1634920000.0,0.7763955945839118,NASDAQ
2019-12-27,9006.620117,1832200000.0,-0.17478219867721467,NASDAQ
2019-12-30,8945.990234,2042420000.0,-0.6731702038321852,NASDAQ
2019-12-31,8972.599609,2182800000.0,0.29744471326236255,NASDAQ
2020-01-02,9092.19043,2848370000.0,1.3328447296371504,NASDAQ
2020-01-03,9020.769531,2567400000.0,-0.7855191721935828,NASDAQ
2020-01-06,9071.469727,2788120000.0,0.5620384804840395,NASDAQ
2020-01-07,9068.580078,2352850000.0,-0.0318542539077038,NASDAQ
2020-01-08,9129.240234,2464090000.0,0.6689046739208893,NASDAQ
2020-01-09,9203.429688,2534700000.0,0.8126574840663814,NASDAQ
2020-01-10,9178.860352,2378990000.0,-0.2669584799679159,NASDAQ
2020-01-13,9273.929688,2530270000.0,1.0357422637907954,NASDAQ
2020-01-14,9251.330078,2542170000.0,-0.24368968452760376,NASDAQ
2020-01-15,9258.700195,2435650000.0,0.07966548526383566,NASDAQ
2020-01-16,9357.129883,2301400000.0,1.0631048195421045,NASDAQ
2020-01-17,9388.94043,2522670000.0,0.3399605156469532,NASDAQ
2020-01-21,9370.80957,2684540000.0,-0.19310869139257392,NASDAQ
2020-01-22,9383.769531,2449390000.0,0.13830140184996065,NASDAQ
2020-01-23,9402.480469,2460050000.0,0.19939681956369082,NASDAQ
2020-01-24,9314.910156,2611710000.0,-0.9313533092540793,NASDAQ
2020-01-27,9139.30957,2583330000.0,-1.8851559817449348,NASDAQ
2020-01-28,9269.679688,2157830000.0,1.4264766610810886,NASDAQ
2020-01-29,9275.160156,2223480000.0,0.0591225175460508,NASDAQ
2020-01-30,9298.929688,2333500000.0,0.25627085247281745,NASDAQ
2020-01-31,9150.94043,2685840000.0,-1.5914655015724644,NASDAQ
2020-02-03,9273.400391,2420510000.0,1.338222688004076,NASDAQ
2020-02-04,9467.969727,2445420000.0,2.0981444539894367,NASDAQ
2020-02-05,9508.679688,2462470000.0,0.42997561434852116,NASDAQ
2020-02-06,9572.150391,2267300000.0,0.6675027983127801,NASDAQ
2020-02-07,9520.509766,2238670000.0,-0.5394882329529005,NASDAQ
2020-02-10,9628.389648,2179310000.0,1.1331313622014783,NASDAQ
2020-02-11,9638.94043,2423670000.0,0.10957992339031275,NASDAQ
2020-02-12,9725.959961,2355000000.0,0.902791459621044,NASDAQ
2020-02-13,9711.969727,2239270000.0,-0.1438442483425839,NASDAQ
2020-02-14,9731.179688,2222240000.0,0.1977967553440374,NASDAQ
2020-02-18,9732.740234,2273460000.0,0.016036555176612843,NASDAQ
2020-02-19,9817.179688,2462530000.0,0.8675815029463241,NASDAQ
2020-02-20,9750.969727,2735610000.0,-0.6744295521139532,NASDAQ
2020-02-21,9576.589844,2743010000.0,-1.7883337543049604,NASDAQ
2020-02-24,9221.280273,3177000000.0,-3.7101888750368794,NASDAQ
2020-02-25,8965.610352,3583400000.0,-2.772607636150093,NASDAQ
2020-02-26,8980.780273,3567830000.0,0.16920120777517145,NASDAQ
2020-02-27,8566.480469,4536080000.0,-4.613182723616561,NASDAQ
2020-02-28,8567.370117,5301170000.0,0.010385221833164593,NASDAQ
2020-03-02,8952.169922,4232760000.0,4.491457702246926,NASDAQ
2020-03-03,8684.089844,4336700000.0,-2.99458209948843,NASDAQ
2020-03-04,9018.089844,3602870000.0,3.84611405455193,NASDAQ
2020-03-05,8738.589844,3748090000.0,-3.0993259640893833,NASDAQ
2020-03-06,8575.620117,4279850000.0,-1.8649430847460624,NASDAQ
2020-03-09,7950.680176000001,4530350000.0,-7.287402339116456,NASDAQ
2020-03-10,8344.25,4431930000.0,4.950140306083917,NASDAQ
2020-03-11,7952.049805,4273890000.0,-4.700245019025084,NASDAQ
2020-03-12,7201.799805,5066530000.0,-9.434674309110413,NASDAQ
2020-03-13,7874.879883,4685890000.0,9.345998170244885,NASDAQ
2020-03-16,6904.589844,4594360000.0,-12.321331289060367,NASDAQ
2020-03-17,7334.779785,4900000000.0,6.230492335092563,NASDAQ
2020-03-18,6989.839844,4890820000.0,-4.702798872100011,NASDAQ
2020-03-19,7150.580078,4762170000.0,2.29962685250904,NASDAQ
2020-03-20,6879.52002,5239940000.0,-3.790742220116705,NASDAQ
2020-03-23,6860.669922,4330610000.0,-0.27400309825684754,NASDAQ
2020-03-24,7417.859863,4417380000.0,8.121509230654977,NASDAQ
2020-03-25,7384.299805,4666440000.0,-0.4524223781497416,NASDAQ
2020-03-26,7797.540039,3999850000.0,5.596200654260963,NASDAQ
2020-03-27,7502.379883,3977010000.0,-3.7852983700466303,NASDAQ
2020-03-30,7774.149901999999,3846900000.0,3.6224507854609733,NASDAQ
2020-03-31,7700.100098000001,4059700000.0,-0.9525131999441938,NASDAQ
2020-04-01,7360.580078,3685510000.0,-4.409293589419527,NASDAQ
2020-04-02,7487.310059,3608190000.0,1.7217390430787294,NASDAQ
2020-04-03,7373.080078,3279100000.0,-1.5256477974047833,NASDAQ
2020-04-06,7913.240234000001,3849100000.0,7.3261127003319215,NASDAQ
2020-04-07,7887.259765999999,4069410000.0,-0.3283164321029153,NASDAQ
2020-04-08,8090.899901999999,3470730000.0,2.581887018325957,NASDAQ
2020-04-09,8153.580078,4123670000.0,0.7746996843269072,NASDAQ
2020-04-13,8192.419922,3146860000.0,0.4763532537663595,NASDAQ
2020-04-14,8515.740234,3732820000.0,3.9465788506733546,NASDAQ
2020-04-15,8393.179688,3333750000.0,-1.4392236333215624,NASDAQ
2020-04-16,8532.360352,3995870000.0,1.658259076699986,NASDAQ
2020-04-17,8650.139648,4335020000.0,1.3803835180542068,NASDAQ
2020-04-20,8560.730469,3796950000.0,-1.0336154401931807,NASDAQ
2020-04-21,8263.230469,3756290000.0,-3.4751707354565453,NASDAQ
2020-04-22,8495.379883,3025060000.0,2.8094268321683824,NASDAQ
2020-04-23,8494.75,3734720000.0,-0.00741441829176237,NASDAQ
2020-04-24,8634.519531,3673170000.0,1.645363677565559,NASDAQ
2020-04-27,8730.160156,3678460000.0,1.1076542783489796,NASDAQ
2020-04-28,8607.730469,3707540000.0,-1.402376185686094,NASDAQ
2020-04-29,8914.709961,4378540000.0,3.566323238228253,NASDAQ
2020-04-30,8889.549805,4316380000.0,-0.2822319078250479,NASDAQ
2020-05-01,8604.950195,3722520000.0,-3.2015075706075202,NASDAQ
2020-05-04,8710.709961,3422150000.0,1.2290572705633274,NASDAQ
2020-05-05,8809.120117,3913360000.0,1.129760449384798,NASDAQ
2020-05-06,8854.389648,3620030000.0,0.5138939008521248,NASDAQ
2020-05-07,8979.660156,3762070000.0,1.41478422545247,NASDAQ
2020-05-08,9121.320313,3777340000.0,1.5775670185619095,NASDAQ
2020-05-11,9192.339844,3898690000.0,0.7786102073269019,NASDAQ
2020-05-12,9002.549805,4315070000.0,-2.0646542906469945,NASDAQ
2020-05-13,8863.169922,4244110000.0,-1.5482267359697377,NASDAQ
2020-05-14,8943.719727,3945080000.0,0.9088148564100118,NASDAQ
2020-05-15,9014.55957,4221500000.0,0.7920624210320693,NASDAQ
2020-05-18,9234.830078,4318310000.0,2.443497170211728,NASDAQ
2020-05-19,9185.099609,4144770000.0,-0.5385098434942726,NASDAQ
2020-05-20,9375.780273,4292470000.0,2.0759781833303403,NASDAQ
2020-05-21,9284.879883,3725950000.0,-0.96952346741499,NASDAQ
2020-05-22,9324.589844,3641830000.0,0.42768416501226536,NASDAQ
2020-05-26,9340.219727,4432310000.0,0.1676200590212229,NASDAQ
2020-05-27,9412.360352,4462450000.0,0.7723653951251519,NASDAQ
2020-05-28,9368.990234,4064220000.0,-0.4607783422867273,NASDAQ
2020-05-29,9489.870117,423570000.0,1.290212498688792,NASDAQ
2020-06-01,9552.049805,3824770000.0,0.65522169675023,NASDAQ
2020-06-02,9608.379883,3962460000.0,0.5897171722294869,NASDAQ
2020-06-03,9682.910156,4638380000.0,0.77567991594365,NASDAQ
2020-06-04,9615.80957,6074320000.0,-0.6929795373390113,NASDAQ
2020-06-05,9814.080078,6572850000.0,2.061922155972984,NASDAQ
2020-06-08,9924.75,6143120000.0,1.1276647543164486,NASDAQ
2020-06-09,9953.75,5281860000.0,0.29219879593944675,NASDAQ
2020-06-10,10020.349609,5128400000.0,0.6690906341831004,NASDAQ
2020-06-11,9492.730469,5271000000.0,-5.265476361484511,NASDAQ
2020-06-12,9588.80957,4366190000.0,1.0121334563723439,NASDAQ
2020-06-15,9726.019531,4440650000.0,1.4309384287835014,NASDAQ
2020-06-16,9895.870117,4639860000.0,1.746352507915816,NASDAQ
2020-06-17,9910.530273,4249680000.0,0.14814418365107773,NASDAQ
2020-06-18,9943.049805,4294740000.0,0.328131099993656,NASDAQ
2020-06-19,9946.120117,6068130000.0,0.03087897637257253,NASDAQ
2020-06-22,10056.480469,4468000000.0,1.1095819344808744,NASDAQ
2020-06-23,10131.370117,5712450000.0,0.7446904335055793,NASDAQ
2020-06-24,9909.169922,5549440000.0,-2.193189987474242,NASDAQ
2020-06-25,10017.0,4709620000.0,1.0881847707606696,NASDAQ
2020-06-26,9757.219727,7279230000.0,-2.5933939602675538,NASDAQ
2020-06-29,9874.150391,4306120000.0,1.1984014634458973,NASDAQ
2020-06-30,10058.769531,4474000000.0,1.8697217754377604,NASDAQ
2020-07-01,10154.629883,4595970000.0,0.953002767431621,NASDAQ
2020-07-02,10207.629883,4017530000.0,0.5219294116147744,NASDAQ
2020-07-06,10433.650391,4529480000.0,2.214231027091018,NASDAQ
2020-07-07,10343.889648,4314110000.0,-0.860300466626962,NASDAQ
2020-07-08,10492.5,3999180000.0,1.4366969975238897,NASDAQ
2020-07-09,10547.75,3992920000.0,0.5265665951870391,NASDAQ
2020-07-10,10617.44043,3509810000.0,0.6607137067146995,NASDAQ
2020-07-13,10390.839844,4822050000.0,-2.134229878603622,NASDAQ
2020-07-14,10488.580078,4419480000.0,0.9406384418141123,NASDAQ
2020-07-15,10550.490234,4610540000.0,0.5902625096971592,NASDAQ
2020-07-16,10473.830078,4237290000.0,-0.7266027862189328,NASDAQ
2020-07-17,10503.19043,4334280000.0,0.2803210648000709,NASDAQ
2020-07-20,10767.089844,4274340000.0,2.5125643085193383,NASDAQ
2020-07-21,10680.360352,5311750000.0,-0.8055054174952447,NASDAQ
2020-07-22,10706.129883,4074020000.0,0.24127960247308788,NASDAQ
2020-07-23,10461.419922,4469470000.0,-2.2856995354462284,NASDAQ
2020-07-24,10363.179688,4205330000.0,-0.9390717009017391,NASDAQ
2020-07-27,10536.269531,4209900000.0,1.6702387511472905,NASDAQ
2020-07-28,10402.089844,3869230000.0,-1.273502795322523,NASDAQ
2020-07-29,10542.94043,3970900000.0,1.3540604639292075,NASDAQ
2020-07-30,10587.80957,4135200000.0,0.425584686719116,NASDAQ
2020-07-31,10745.269531,4418390000.0,1.4871816494145706,NASDAQ
2020-08-03,10902.799805,4173600000.0,1.4660430205638564,NASDAQ
2020-08-04,10941.169922,3973570000.0,0.35192902452818586,NASDAQ
2020-08-05,10998.400391,4119550000.0,0.5230744921064012,NASDAQ
2020-08-06,11108.070313,4086290000.0,0.9971442946352882,NASDAQ
2020-08-07,11010.980469,4230720000.0,-0.8740477982604578,NASDAQ
2020-08-10,10968.360352,4018530000.0,-0.3870692271227938,NASDAQ
2020-08-11,10782.820313,4303980000.0,-1.6915932103394815,NASDAQ
2020-08-12,11012.240234,3716840000.0,2.1276429945086495,NASDAQ
2020-08-13,11042.5,3444140000.0,0.2747830174152366,NASDAQ
2020-08-14,11019.299805,3491320000.0,-0.2100991170477684,NASDAQ
2020-08-17,11129.730469,3193160000.0,1.0021568153531168,NASDAQ
2020-08-18,11210.839844,3199470000.0,0.7287631558187124,NASDAQ
2020-08-19,11146.459961,3467890000.0,-0.5742645858459516,NASDAQ
2020-08-20,11264.950195,4170980000.0,1.0630301854990698,NASDAQ
2020-08-21,11311.799805,3905670000.0,0.4158883012265413,NASDAQ
2020-08-24,11379.719727,3885880000.0,0.6004342648459726,NASDAQ
2020-08-25,11466.469727,3454500000.0,0.7623210595791186,NASDAQ
2020-08-26,11665.05957,3441550000.0,1.7319179113374439,NASDAQ
2020-08-27,11625.339844,3535800000.0,-0.34050169878385717,NASDAQ
2020-08-28,11695.629883,2997810000.0,0.6046278211494727,NASDAQ
2020-08-31,11775.459961,3596980000.0,0.6825633061117609,NASDAQ
2020-09-01,11939.669922,3480780000.0,1.3945099515760617,NASDAQ
2020-09-02,12056.44043,3966140000.0,0.9780044906001928,NASDAQ
2020-09-03,11458.099609,4437500000.0,-4.962831479772012,NASDAQ
2020-09-04,11313.129883,4269190000.0,-1.265216143575254,NASDAQ
2020-09-08,10847.69043,3872230000.0,-4.1141528278518695,NASDAQ
2020-09-09,11141.55957,3531780000.0,2.709047994099145,NASDAQ
2020-09-10,10919.589844,3814100000.0,-1.992267999873909,NASDAQ
2020-09-11,10853.549805,3609190000.0,-0.6047849776728231,NASDAQ
2020-09-14,11056.650391,3716820000.0,1.8712825725131443,NASDAQ
2020-09-15,11190.320313,3772820000.0,1.208954948135177,NASDAQ
2020-09-16,11050.469727,3661710000.0,-1.249746049159406,NASDAQ
2020-09-17,10910.280273,3726750000.0,-1.2686289131897177,NASDAQ
2020-09-18,10793.280273,5745690000.0,-1.0723830834075243,NASDAQ
2020-09-21,10778.799805,3885200000.0,-0.13416188252076688,NASDAQ
2020-09-22,10963.639648,3492020000.0,1.7148462383934193,NASDAQ
2020-09-23,10632.990234,4074600000.0,-3.0158726902367428,NASDAQ
2020-09-24,10672.269531,4080730000.0,0.36940969694865267,NASDAQ
2020-09-25,10913.55957,3767230000.0,2.2609065325713384,NASDAQ
2020-09-28,11117.530273,3562900000.0,1.8689658648191276,NASDAQ
2020-09-29,11085.25,3363870000.0,-0.2903547119488925,NASDAQ
2020-09-30,11167.509766,4228200000.0,0.7420650504048165,NASDAQ
2020-10-01,11326.509766,3978100000.0,1.4237731001058407,NASDAQ
2020-10-02,11075.019531,3715090000.0,-2.2203683234788274,NASDAQ
2020-10-05,11332.490234,3597940000.0,2.32478780086407,NASDAQ
2020-10-06,11154.599609,4360550000.0,-1.5697399364729914,NASDAQ
2020-10-07,11364.599609,3891460000.0,1.8826314467671468,NASDAQ
2020-10-08,11420.980469,3486530000.0,0.4961095149832673,NASDAQ
2020-10-09,11579.94043,3475620000.0,1.391824120805274,NASDAQ
2020-10-12,11876.259766,3862990000.0,2.558902075457392,NASDAQ
2020-10-13,11863.900391,3607730000.0,-0.10406790726642523,NASDAQ
2020-10-14,11768.730469,3393010000.0,-0.8021807235687461,NASDAQ
2020-10-15,11713.870117,3304490000.0,-0.4661535256033522,NASDAQ
2020-10-16,11671.55957,3156270000.0,-0.361200410943574,NASDAQ
2018-10-22,22614.820313,63000.0,0.3672108154842979,NIKKEI
2018-10-23,22010.779297,80200.0,-2.6709963096756106,NIKKEI
2018-10-24,22091.179688,83900.0,0.3652773484987826,NIKKEI
2018-10-25,21268.730469,93600.0,-3.7229755523049746,NIKKEI
2018-10-26,21184.599609,92900.0,-0.39556126832591687,NIKKEI
2018-10-29,21149.800781,70800.0,-0.16426474251236556,NIKKEI
2018-10-30,21457.289063,116900.0,1.4538589993539297,NIKKEI
2018-10-31,21920.460938,105000.0,2.1585759209380884,NIKKEI
2018-11-01,21687.650391,101900.0,-1.0620695780918288,NIKKEI
2018-11-02,22243.660156,101900.0,2.56371600876939,NIKKEI
2018-11-05,21898.990234,78700.0,-1.549519816355538,NIKKEI
2018-11-06,22147.75,0.0,1.1359417185079934,NIKKEI
2018-11-07,22085.800781,96300.0,-0.2797088598164521,NIKKEI
2018-11-08,22486.919922,81900.0,1.8161856342789884,NIKKEI
2018-11-09,22250.25,78100.0,-1.0524781642881065,NIKKEI
2018-11-12,22269.880859,59300.0,0.08822758845405954,NIKKEI
2018-11-13,21810.519531,85700.0,-2.062702225074342,NIKKEI
2018-11-14,21846.480469,75200.0,0.16487886934046792,NIKKEI
2018-11-15,21803.619141,0.0,-0.1961932864234961,NIKKEI
2018-11-16,21680.339844,74900.0,-0.5654074958967858,NIKKEI
2018-11-19,21821.160156,72100.0,0.649530002819465,NIKKEI
2018-11-20,21583.119141,82500.0,-1.0908724068667386,NIKKEI
2018-11-21,21507.539063,77300.0,-0.35018144275738017,NIKKEI
2018-11-22,21646.550781,65900.0,0.6463394886453866,NIKKEI
2018-11-26,21812.0,78000.0,0.7643213954678707,NIKKEI
2018-11-27,21952.400391,74000.0,0.6436841692646134,NIKKEI
2018-11-28,22177.019531,77600.0,1.0232099269294137,NIKKEI
2018-11-29,22262.599609,69300.0,0.38589530879193923,NIKKEI
2018-11-30,22351.060547,104100.0,0.39735223897319205,NIKKEI
2018-12-03,22574.759766,70500.0,1.0008438683685839,NIKKEI
2018-12-04,22036.050781,89600.0,-2.386333190625356,NIKKEI
2018-12-05,21919.330078,83700.0,-0.529680677177613,NIKKEI
2018-12-06,21501.619141,87600.0,-1.9056738299645715,NIKKEI
2018-12-07,21678.679688,78100.0,0.8234754128928712,NIKKEI
2018-12-10,21219.5,79000.0,-2.1181164840687883,NIKKEI
2018-12-11,21148.019531,87500.0,-0.33686217394377493,NIKKEI
2018-12-12,21602.75,89600.0,2.150227203703059,NIKKEI
2018-12-13,21816.189453,79200.0,0.9880198261795314,NIKKEI
2018-12-14,21374.830078,102800.0,-2.023081876653343,NIKKEI
2018-12-17,21506.880859,63400.0,0.6177863427130337,NIKKEI
2018-12-18,21115.449219,80500.0,-1.8200297968182566,NIKKEI
2018-12-19,20987.919922,81300.0,-0.6039620359354902,NIKKEI
2018-12-20,20392.580078,96300.0,-2.8365833594397927,NIKKEI
2018-12-21,20166.189453,116600.0,-1.1101617555702825,NIKKEI
2018-12-25,19155.740234,0.0,-5.010610563562268,NIKKEI
2018-12-26,19327.060547,79900.0,0.8943549604829126,NIKKEI
2018-12-27,20077.619141,93000.0,3.8834596299565094,NIKKEI
2018-12-28,20014.769531,70600.0,-0.3130331816667109,NIKKEI
2019-01-04,19561.960938,91600.0,-2.262372256141476,NIKKEI
2019-01-07,20038.970703,81500.0,2.4384557688865716,NIKKEI
2019-01-08,20204.039063,86400.0,0.8237367200466528,NIKKEI
2019-01-09,20427.060547,72800.0,1.1038460344715118,NIKKEI
2019-01-10,20163.800781,73700.0,-1.2887794863792212,NIKKEI
2019-01-11,20359.699219,77700.0,0.9715352781336062,NIKKEI
2019-01-15,20555.289063,78300.0,0.9606715791629972,NIKKEI
2019-01-16,20442.75,69500.0,-0.5474944315065566,NIKKEI
2019-01-17,20402.269531,63600.0,-0.19801870589817305,NIKKEI
2019-01-18,20666.070313,64700.0,1.2929972403274537,NIKKEI
2019-01-21,20719.330078,61200.0,0.2577159769290738,NIKKEI
2019-01-22,20622.910156,57100.0,-0.46536216005543807,NIKKEI
2019-01-23,20593.720703,0.0,-0.141538962150356,NIKKEI
2019-01-24,20574.630859,61400.0,-0.09269740167553442,NIKKEI
2019-01-25,20773.560547,68400.0,0.9668688073350307,NIKKEI
2019-01-28,20649.0,56800.0,-0.5996109656704385,NIKKEI
2019-01-29,20664.640625,63100.0,0.07574519347184339,NIKKEI
2019-01-30,20556.539063,72100.0,-0.5231233582122852,NIKKEI
2019-01-31,20773.490234,75700.0,1.0553876327873413,NIKKEI
2019-02-01,20788.390625,82200.0,0.0717279129898607,NIKKEI
2019-02-04,20883.769531,66600.0,0.4588085134656916,NIKKEI
2019-02-05,20844.449219,65500.0,-0.1882816794239961,NIKKEI
2019-02-06,20874.060547,68900.0,0.14205857726867777,NIKKEI
2019-02-07,20751.279297,70600.0,-0.5882001238980084,NIKKEI
2019-02-08,20333.169922,86200.0,-2.0148607178182343,NIKKEI
2019-02-12,20864.210938,84100.0,2.6116981171018683,NIKKEI
2019-02-13,21144.480469,78600.0,1.3433028060962693,NIKKEI
2019-02-14,21139.710938,64500.0,-0.022556860675726487,NIKKEI
2019-02-15,20900.630859,65600.0,-1.1309524510585311,NIKKEI
2019-02-18,21281.849609,61800.0,1.823958102373946,NIKKEI
2019-02-19,21302.650391,53600.0,0.09773954041665256,NIKKEI
2019-02-20,21431.490234,59700.0,0.6048066350205605,NIKKEI
2019-02-21,21464.230469,68400.0,0.15276695480586078,NIKKEI
2019-02-22,21425.509766,52400.0,-0.18039641838509812,NIKKEI
2019-02-25,21528.230469,51800.0,0.4794317807224724,NIKKEI
2019-02-26,21449.390625,56400.0,-0.36621609060496496,NIKKEI
2019-02-27,21556.509766,67700.0,0.4994041223490342,NIKKEI
2019-02-28,21385.160156,71500.0,-0.7948856835361062,NIKKEI
2019-03-01,21602.689453,62600.0,1.0171974182712207,NIKKEI
2019-03-04,21822.039063,59100.0,1.0153810268727526,NIKKEI
2019-03-05,21726.279297,59200.0,-0.4388213481038239,NIKKEI
2019-03-06,21596.810547,57100.0,-0.5959085227164373,NIKKEI
2019-03-07,21456.009766,75200.0,-0.6519517346951997,NIKKEI
2019-03-08,21025.560547,99800.0,-2.0061941791343907,NIKKEI
2019-03-11,21125.089844,55600.0,0.47337285860946654,NIKKEI
2019-03-12,21503.689453,67800.0,1.792179876136868,NIKKEI
2019-03-13,21290.240234,66200.0,-0.9926167296385513,NIKKEI
2019-03-14,21287.019531,64100.0,-0.015127602904430049,NIKKEI
2019-03-15,21450.849609,83200.0,0.7696243138284986,NIKKEI
2019-03-18,21584.5,55200.0,0.6230540674898144,NIKKEI
2019-03-19,21566.849609,59900.0,-0.08177345317240681,NIKKEI
2019-03-20,21608.919922,65300.0,0.1950693483875554,NIKKEI
2019-03-22,21627.339844,78900.0,0.08524221509675911,NIKKEI
2019-03-25,20977.109375,77700.0,-3.0065207912307823,NIKKEI
2019-03-26,21428.390625,101300.0,2.151303317976816,NIKKEI
2019-03-27,21378.730469,76000.0,-0.23174935005181307,NIKKEI
2019-03-28,21033.759766,71100.0,-1.6136164095441496,NIKKEI
2019-03-29,21205.810547,61600.0,0.8179744511398024,NIKKEI
2019-04-01,21509.029297,77400.0,1.4298852162616171,NIKKEI
2019-04-02,21505.310547,71000.0,-0.017289250707930304,NIKKEI
2019-04-03,21713.210938,68500.0,0.9667397759526963,NIKKEI
2019-04-04,21724.949219,57900.0,0.05406054882217681,NIKKEI
2019-04-05,21807.5,58500.0,0.37998146816291545,NIKKEI
2019-04-08,21761.650391,54600.0,-0.21024697466468512,NIKKEI
2019-04-09,21802.589844,54300.0,0.18812660007134774,NIKKEI
2019-04-10,21687.570313,58700.0,-0.5275498545034174,NIKKEI
2019-04-11,21711.380859,61200.0,0.1097889051487222,NIKKEI
2019-04-12,21870.560547,61600.0,0.7331624323379415,NIKKEI
2019-04-15,22169.109375,66100.0,1.3650716786998363,NIKKEI
2019-04-16,22221.660156,57300.0,0.23704507073822878,NIKKEI
2019-04-17,22277.970703,75400.0,0.2534038708390307,NIKKEI
2019-04-18,22090.119141,67300.0,-0.8432166668335905,NIKKEI
2019-04-19,22200.560547,0.0,0.4999583990247469,NIKKEI
2019-04-22,22217.900391,42900.0,0.07810543325377228,NIKKEI
2019-04-23,22259.740234,52000.0,0.1883159176325755,NIKKEI
2019-04-24,22200.0,67900.0,-0.26837794768490575,NIKKEI
2019-04-25,22307.580078,63300.0,0.48459494594594865,NIKKEI
2019-04-26,22258.730469,71900.0,-0.21898210755803005,NIKKEI
2019-05-07,21923.720703,90700.0,-1.5050713088357481,NIKKEI
2019-05-08,21602.589844,85700.0,-1.4647644136246307,NIKKEI
2019-05-09,21402.130859,96900.0,-0.9279395963520232,NIKKEI
2019-05-10,21344.919922,98500.0,-0.267314209864955,NIKKEI
2019-05-13,21191.279297,74500.0,-0.7197994912205963,NIKKEI
2019-05-14,21067.230469,90200.0,-0.5853767781615948,NIKKEI
2019-05-15,21188.560547,84100.0,0.5759185013831658,NIKKEI
2019-05-16,21062.980469,82500.0,-0.5926786660256811,NIKKEI
2019-05-17,21250.089844,75800.0,0.8883328514470268,NIKKEI
2019-05-20,21301.730469,65100.0,0.2430136784319581,NIKKEI
2019-05-21,21272.449219,70100.0,-0.13745948970019795,NIKKEI
2019-05-22,21283.369141,64500.0,0.05133363764360244,NIKKEI
2019-05-23,21151.140625,63900.0,-0.6212762421400453,NIKKEI
2019-05-24,21117.220703,67700.0,-0.1603692330422568,NIKKEI
2019-05-27,21182.580078,41600.0,0.3095074674799081,NIKKEI
2019-05-28,21260.140625,98500.0,0.36615250226554874,NIKKEI
2019-05-29,21003.369141,70000.0,-1.207760045096129,NIKKEI
2019-05-30,20942.529297,58700.0,-0.2896670700379911,NIKKEI
2019-05-31,20601.189453,79100.0,-1.6298883442359524,NIKKEI
2019-06-03,20410.880859,67400.0,-0.9237747870537882,NIKKEI
2019-06-04,20408.539063,69200.0,-0.011473272595030615,NIKKEI
2019-06-05,20776.099609,72300.0,1.8010135113805115,NIKKEI
2019-06-06,20774.039063,59600.0,-0.009917867351327825,NIKKEI
2019-06-07,20884.710938,50700.0,0.5327412481721749,NIKKEI
2019-06-10,21134.419922,58200.0,1.1956544897427923,NIKKEI
2019-06-11,21204.279297,52100.0,0.3305478705250886,NIKKEI
2019-06-12,21129.720703,56500.0,-0.35162050525598953,NIKKEI
2019-06-13,21032.0,65700.0,-0.4624798612985148,NIKKEI
2019-06-14,21116.890625,60400.0,0.4036260222518129,NIKKEI
2019-06-17,21124.0,49100.0,0.03366677001008789,NIKKEI
2019-06-18,20972.710938,54600.0,-0.7161951429653479,NIKKEI
2019-06-19,21333.869141,64100.0,1.7220387200665765,NIKKEI
2019-06-20,21462.859375,55700.0,0.6046265360843739,NIKKEI
2019-06-21,21258.640625,89000.0,-0.951498336879919,NIKKEI
2019-06-24,21285.990234,43200.0,0.1286517302890866,NIKKEI
2019-06-25,21193.810547,53900.0,-0.4330533181057361,NIKKEI
2019-06-26,21086.589844,50300.0,-0.5059057348947515,NIKKEI
2019-06-27,21338.169922,61300.0,1.1930809100058726,NIKKEI
2019-06-28,21275.919922,62100.0,-0.29173073523901527,NIKKEI
2019-07-01,21729.970703,66900.0,2.134106457744722,NIKKEI
2019-07-02,21754.269531,54700.0,0.11182172462225193,NIKKEI
2019-07-03,21638.160156,55000.0,-0.5337314352685696,NIKKEI
2019-07-04,21702.449219,37800.0,0.2971096550561825,NIKKEI
2019-07-05,21746.380859,44800.0,0.202427106529246,NIKKEI
2019-07-08,21534.349609,51900.0,-0.9750185622829699,NIKKEI
2019-07-09,21565.150391,53900.0,0.14303093689500557,NIKKEI
2019-07-10,21533.480469,58900.0,-0.14685694941046767,NIKKEI
2019-07-11,21643.529297,49600.0,0.5110591767012895,NIKKEI
2019-07-12,21685.900391,45400.0,0.1957679517908817,NIKKEI
2019-07-16,21535.25,49800.0,-0.6946928109220707,NIKKEI
2019-07-17,21469.179688,53300.0,-0.30680076618566643,NIKKEI
2019-07-18,21046.240234,70200.0,-1.969984229236288,NIKKEI
2019-07-19,21466.990234,57900.0,1.9991694256168424,NIKKEI
2019-07-22,21416.789063,46900.0,-0.23385286177887155,NIKKEI
2019-07-23,21620.880859,48100.0,0.9529523562082032,NIKKEI
2019-07-24,21709.570313,51100.0,0.41020277840846386,NIKKEI
2019-07-25,21756.550781,46900.0,0.21640441207566585,NIKKEI
2019-07-26,21658.150391,47600.0,-0.45227936629520515,NIKKEI
2019-07-29,21616.800781,47000.0,-0.19091939640968336,NIKKEI
2019-07-30,21709.310547,54500.0,0.4279530858299463,NIKKEI
2019-07-31,21521.529297,76500.0,-0.8649802562520792,NIKKEI
2019-08-01,21540.990234,75700.0,0.09042543739079534,NIKKEI
2019-08-02,21087.160156,91500.0,-2.106820870675108,NIKKEI
2019-08-05,20720.289063,85800.0,-1.7397842586955203,NIKKEI
2019-08-06,20585.310547,89700.0,-0.6514316262171693,NIKKEI
2019-08-07,20516.560547,73600.0,-0.33397601577606073,NIKKEI
2019-08-08,20593.349609,64800.0,0.3742784363104601,NIKKEI
2019-08-09,20684.820313,63700.0,0.4441759390129585,NIKKEI
2019-08-13,20455.439453,72900.0,-1.1089332976020105,NIKKEI
2019-08-14,20655.130859,60900.0,0.9762264284706612,NIKKEI
2019-08-15,20405.650391,68200.0,-1.2078377508380478,NIKKEI
2019-08-16,20418.810547,58400.0,0.064492705441066,NIKKEI
2019-08-19,20563.160156,50600.0,0.7069442594010988,NIKKEI
2019-08-20,20677.220703,50100.0,0.554683940282974,NIKKEI
2019-08-21,20618.570313,53000.0,-0.2836473568785247,NIKKEI
2019-08-22,20628.009766,54600.0,0.04578131682606568,NIKKEI
2019-08-23,20710.910156,50700.0,0.4018826388992869,NIKKEI
2019-08-26,20261.039063,69900.0,-2.1721454518968675,NIKKEI
2019-08-27,20456.080078,60800.0,0.9626407332493425,NIKKEI
2019-08-28,20479.419922,51500.0,0.11409734372864744,NIKKEI
2019-08-29,20460.929688,55100.0,-0.09028690300030284,NIKKEI
2019-08-30,20704.369141,72000.0,1.189777085949184,NIKKEI
2019-09-02,20620.189453,42400.0,-0.4065793428755238,NIKKEI
2019-09-03,20625.160156,0.0,0.024106000632695412,NIKKEI
2019-09-04,20649.140625,51500.0,0.116268037768541,NIKKEI
2019-09-05,21085.939453,83000.0,2.115336594062245,NIKKEI
2019-09-06,21199.570313,71100.0,0.5388939878788968,NIKKEI
2019-09-09,21318.419922,57800.0,0.5606227260517516,NIKKEI
2019-09-10,21392.099609,92400.0,0.34561514066042687,NIKKEI
2019-09-11,21597.759766,110100.0,0.9613836919190266,NIKKEI
2019-09-12,21759.609375,96000.0,0.7493814671222898,NIKKEI
2019-09-13,21988.289063,116300.0,1.0509365497283873,NIKKEI
2019-09-17,22001.320313,81500.0,0.05926450194766453,NIKKEI
2019-09-18,21960.710938,69400.0,-0.18457699093633595,NIKKEI
2019-09-19,22044.449219,78200.0,0.38130951787676004,NIKKEI
2019-09-20,22079.089844,85000.0,0.15713989792107697,NIKKEI
2019-09-24,22098.839844,68400.0,0.08945115101910428,NIKKEI
2019-09-25,22020.150391,61600.0,-0.3560795659658278,NIKKEI
2019-09-26,22048.240234,81600.0,0.12756426500830642,NIKKEI
2019-09-27,21878.900391,76400.0,-0.76804244330968,NIKKEI
2019-09-30,21755.839844,69900.0,-0.5624622115406819,NIKKEI
2019-10-01,21885.240234,62300.0,0.5947846230155429,NIKKEI
2019-10-02,21778.609375,63300.0,-0.48722727217014317,NIKKEI
2019-10-03,21341.740234,67700.0,-2.005955171322771,NIKKEI
2019-10-04,21410.199219,57700.0,0.3207750832377565,NIKKEI
2019-10-07,21375.25,47400.0,-0.16323630921184495,NIKKEI
2019-10-08,21587.779297,60800.0,0.9942774797955689,NIKKEI
2019-10-09,21456.380859,55400.0,-0.6086704713451518,NIKKEI
2019-10-10,21551.980469,59900.0,0.4455532861213918,NIKKEI
2019-10-11,21798.869141,67400.0,1.1455498131836217,NIKKEI
2019-10-15,22207.210938,74500.0,1.8732246813298215,NIKKEI
2019-10-16,22472.919922,78700.0,1.1964986721737736,NIKKEI
2019-10-17,22451.859375,57800.0,-0.09371522291317103,NIKKEI
2019-10-18,22492.679688,59200.0,0.181812616577548,NIKKEI
2019-10-21,22548.900391,48400.0,0.249951112005542,NIKKEI
2019-10-23,22625.380859,68000.0,0.33917604261770595,NIKKEI
2019-10-24,22750.599609,61300.0,0.5534437222531441,NIKKEI
2019-10-25,22799.810547,57200.0,0.21630611432559288,NIKKEI
2019-10-28,22867.269531,48100.0,0.295875195370332,NIKKEI
2019-10-29,22974.130859,72900.0,0.4673112714884242,NIKKEI
2019-10-30,22843.119141,101600.0,-0.5702575597051562,NIKKEI
2019-10-31,22927.039063,78300.0,0.36737505715398466,NIKKEI
2019-11-01,22850.769531,65400.0,-0.332661935936962,NIKKEI
2019-11-05,23251.990234,102100.0,1.7558301590486547,NIKKEI
2019-11-06,23303.820313,77400.0,0.22290598988903287,NIKKEI
2019-11-07,23330.320313,70900.0,0.11371526060564019,NIKKEI
2019-11-08,23391.869141,94600.0,0.2638147576812466,NIKKEI
2019-11-11,23331.839844,61500.0,-0.25662462729318936,NIKKEI
2019-11-12,23520.009766,63000.0,0.8064941438743478,NIKKEI
2019-11-13,23319.869141,63400.0,-0.8509376781353106,NIKKEI
2019-11-14,23141.550781,79900.0,-0.7646627814325346,NIKKEI
2019-11-15,23303.320313,72200.0,0.6990436100454245,NIKKEI
2019-11-18,23416.759766,57300.0,0.4867952355129157,NIKKEI
2019-11-19,23292.650391,64200.0,-0.5300023412299848,NIKKEI
2019-11-20,23148.570313,65700.0,-0.6185645496815995,NIKKEI
2019-11-21,23038.580078,69800.0,-0.47514914965712807,NIKKEI
2019-11-22,23112.880859,55600.0,0.32250590422000514,NIKKEI
2019-11-25,23292.810547,50300.0,0.7784823064578505,NIKKEI
2019-11-26,23373.320313,94300.0,0.34564212780396897,NIKKEI
2019-11-27,23437.769531,52200.0,0.2757383937623814,NIKKEI
2019-11-28,23409.140625,44800.0,-0.1221485942258127,NIKKEI
2019-11-29,23293.910156,52100.0,-0.4922456182647639,NIKKEI
2019-12-02,23529.5,47700.0,1.011379551231406,NIKKEI
2019-12-03,23379.810547,58800.0,-0.636177789583281,NIKKEI
2019-12-04,23135.230469,58100.0,-1.046116594949853,NIKKEI
2019-12-05,23300.089844,61400.0,0.7125901564754455,NIKKEI
2019-12-06,23354.400391,54400.0,0.2330915776017406,NIKKEI
2019-12-09,23430.699219,55800.0,0.3267000082322946,NIKKEI
2019-12-10,23410.189453,52800.0,-0.08753373430430145,NIKKEI
2019-12-11,23391.859375,61300.0,-0.07829957137596155,NIKKEI
2019-12-12,23424.810547,56300.0,0.14086598021880725,NIKKEI
2019-12-13,24023.099609,115500.0,2.554082820860315,NIKKEI
2019-12-16,23952.349609,53300.0,-0.29450820731515837,NIKKEI
2019-12-17,24066.119141,64000.0,0.4749827630991632,NIKKEI
2019-12-18,23934.429688,66300.0,-0.5471985417692338,NIKKEI
2019-12-19,23864.849609,55600.0,-0.2907112469652251,NIKKEI
2019-12-20,23816.630859,70300.0,-0.2020492514724026,NIKKEI
2019-12-23,23821.109375,45200.0,0.018804154233698078,NIKKEI
2019-12-24,23830.580078,37900.0,0.03975760679701956,NIKKEI
2019-12-25,23782.869141,31600.0,-0.20020887802074672,NIKKEI
2019-12-26,23924.919922,40300.0,0.5972819349836733,NIKKEI
2019-12-27,23837.720703,44800.0,-0.36447026482967493,NIKKEI
2019-12-30,23656.619141,41600.0,-0.7597268390564182,NIKKEI
2020-01-06,23204.859375,72800.0,-1.9096548129188928,NIKKEI
2020-01-07,23575.720703,64300.0,1.5982054534644075,NIKKEI
2020-01-08,23204.759766,79400.0,-1.5734871551680518,NIKKEI
2020-01-09,23739.869141,62200.0,2.306032815664194,NIKKEI
2020-01-10,23850.570313,55900.0,0.46630910786620294,NIKKEI
2020-01-14,24025.169922,64200.0,0.7320563269920255,NIKKEI
2020-01-15,23916.580078,57200.0,-0.4519836669315991,NIKKEI
2020-01-16,23933.130859,55400.0,0.06920212231860123,NIKKEI
2020-01-17,24041.259766,59400.0,0.4517959126911997,NIKKEI
2020-01-20,24083.509766,38300.0,0.17573954281611126,NIKKEI
2020-01-21,23864.560547,44600.0,-0.909125045009429,NIKKEI
2020-01-22,24031.349609,49000.0,0.6988985264217096,NIKKEI
2020-01-23,23795.439453,55500.0,-0.9816766841578062,NIKKEI
2020-01-24,23827.179688,48700.0,0.13338789167014475,NIKKEI
2020-01-27,23343.509766,62400.0,-2.029908400126723,NIKKEI
2020-01-28,23215.710938,64400.0,-0.5474704930024665,NIKKEI
2020-01-29,23379.400391,54900.0,0.7050805096477486,NIKKEI
2020-01-30,22977.75,69600.0,-1.7179670320142892,NIKKEI
2020-01-31,23205.179688,75400.0,0.9897822371642162,NIKKEI
2020-02-03,22971.939453,72500.0,-1.005121434679579,NIKKEI
2020-02-04,23084.589844,67900.0,0.4903825871145129,NIKKEI
2020-02-05,23319.560547,70300.0,1.0178682167969022,NIKKEI
2020-02-06,23873.589844,95100.0,2.375813626004497,NIKKEI
2020-02-07,23827.980469,65400.0,-0.19104531533812308,NIKKEI
2020-02-10,23685.980469,56500.0,-0.5959380409294002,NIKKEI
2020-02-12,23861.210938,74600.0,0.739806693792322,NIKKEI
2020-02-13,23827.730469,64500.0,-0.14031336920408144,NIKKEI
2020-02-14,23687.589844,69100.0,-0.588140885605215,NIKKEI
2020-02-17,23523.240234,54000.0,-0.6938215794952463,NIKKEI
2020-02-18,23193.800781,59500.0,-1.400485008539909,NIKKEI
2020-02-19,23400.699219,61600.0,0.8920419725665818,NIKKEI
2020-02-20,23479.150391,63300.0,0.3352514011047303,NIKKEI
2020-02-21,23386.740234,62100.0,-0.393583905128958,NIKKEI
2020-02-25,22605.410156,105800.0,-3.340910576601397,NIKKEI
2020-02-26,22426.189453,99300.0,-0.7928221685127634,NIKKEI
2020-02-27,21948.230469,106200.0,-2.131253662159993,NIKKEI
2020-02-28,21142.960938,148500.0,-3.668949677457467,NIKKEI
2020-03-02,21344.080078,123700.0,0.951234505846954,NIKKEI
2020-03-03,21082.730469,105300.0,-1.2244594662544461,NIKKEI
2020-03-04,21100.060547,94600.0,0.08220034888499761,NIKKEI
2020-03-05,21329.119141,85700.0,1.0855826384468248,NIKKEI
2020-03-06,20749.75,111700.0,-2.7163294328751864,NIKKEI
2020-03-09,19698.759766,170300.0,-5.065074200893993,NIKKEI
2020-03-10,19867.119141,164700.0,0.8546699233856758,NIKKEI
2020-03-11,19416.060547,129200.0,-2.2703774553258893,NIKKEI
2020-03-12,18559.630859,164600.0,-4.410934370166708,NIKKEI
2020-03-13,17431.050781,233400.0,-6.08083256921419,NIKKEI
2020-03-16,17002.039063,158100.0,-2.4611925201183382,NIKKEI
2020-03-17,17011.529297,198800.0,0.05581821077362825,NIKKEI
2020-03-18,16726.550781,177200.0,-1.675208095783931,NIKKEI
2020-03-19,16552.830078,198900.0,-1.038592506455871,NIKKEI
2020-03-23,16887.779297,170300.0,2.023516325738006,NIKKEI
2020-03-24,18092.349609,147300.0,7.132792836853241,NIKKEI
2020-03-25,19546.630859,147700.0,8.038100531047498,NIKKEI
2020-03-26,18664.599609,128100.0,-4.512446448508434,NIKKEI
2020-03-27,19389.429688,148900.0,3.8834483149078114,NIKKEI
2020-03-30,19084.970703,121000.0,-1.5702317700887813,NIKKEI
2020-03-31,18917.009766,122200.0,-0.8800691371959934,NIKKEI
2020-04-01,18065.410156,105800.0,-4.501766508206795,NIKKEI
2020-04-02,17818.720703,107300.0,-1.3655347477293245,NIKKEI
2020-04-03,17820.189453,96000.0,0.008242735404406787,NIKKEI
2020-04-06,18576.300781,105700.0,4.243003869258599,NIKKEI
2020-04-07,18950.179688,108200.0,2.0126660921770068,NIKKEI
2020-04-08,19353.240234,105900.0,2.1269484122899085,NIKKEI
2020-04-09,19345.769531,82300.0,-0.03860182021031555,NIKKEI
2020-04-10,19498.5,87500.0,0.7894773519102394,NIKKEI
2020-04-13,19043.400391,65600.0,-2.3340236890017185,NIKKEI
2020-04-14,19638.810547,81900.0,3.126595795787579,NIKKEI
2020-04-15,19550.089844,94100.0,-0.45176210029459485,NIKKEI
2020-04-16,19290.199219,81400.0,-1.329357701544076,NIKKEI
2020-04-17,19897.259766,87800.0,3.146989515805898,NIKKEI
2020-04-20,19669.119141,65000.0,-1.1465931876199487,NIKKEI
2020-04-21,19280.779297,79400.0,-1.9743631690679497,NIKKEI
2020-04-22,19137.949219,76400.0,-0.7407899639317317,NIKKEI
2020-04-23,19429.439453,72600.0,1.5231006763807953,NIKKEI
2020-04-24,19262.0,84700.0,-0.8617822114993956,NIKKEI
2020-04-27,19783.220703,77600.0,2.7059531876233,NIKKEI
2020-04-28,19771.189453,68600.0,-0.06081542626765746,NIKKEI
2020-04-30,20193.689453,103400.0,2.1369478098642647,NIKKEI
2020-05-01,19619.349609,86600.0,-2.844155077935373,NIKKEI
2020-05-07,19674.769531,82900.0,0.2824758368879854,NIKKEI
2020-05-08,20179.089844,82200.0,2.5632844756091178,NIKKEI
2020-05-11,20390.660156,76200.0,1.0484631053016003,NIKKEI
2020-05-12,20366.480469,67700.0,-0.11858216857627557,NIKKEI
2020-05-13,20267.050781,79500.0,-0.4882026040352927,NIKKEI
2020-05-14,19914.779297,76900.0,-1.7381487213238178,NIKKEI
2020-05-15,20037.470703,75200.0,0.6160821778149472,NIKKEI
2020-05-18,20133.730469,71900.0,0.4803987859884229,NIKKEI
2020-05-19,20433.449219,93000.0,1.4886399242379778,NIKKEI
2020-05-20,20595.150391,71800.0,0.791355244368841,NIKKEI
2020-05-21,20552.310547,62900.0,-0.20800937690029775,NIKKEI
2020-05-22,20388.160156,71100.0,-0.7986955560281728,NIKKEI
2020-05-25,20741.650391,55100.0,1.7338015411654029,NIKKEI
2020-05-26,21271.169922,87200.0,2.5529286291980258,NIKKEI
2020-05-27,21419.230469,112000.0,0.6960620762418213,NIKKEI
2020-05-28,21916.310547,134000.0,2.320718658494414,NIKKEI
2020-05-29,21877.890625,153200.0,-0.17530287279698964,NIKKEI
2020-06-01,22062.390625,72200.0,0.8433171330931355,NIKKEI
2020-06-02,22325.609375,77900.0,1.1930654047151767,NIKKEI
2020-06-03,22613.759766,94100.0,1.2906720088127432,NIKKEI
2020-06-04,22695.740234,92000.0,0.3625247143699717,NIKKEI
2020-06-05,22863.730469,85600.0,0.7401839872503313,NIKKEI
2020-06-08,23178.099609,108500.0,1.3749687104921193,NIKKEI
2020-06-09,23091.029297,91500.0,-0.37565768319586246,NIKKEI
2020-06-10,23124.949219,75600.0,0.1468965352895868,NIKKEI
2020-06-11,22472.910156,105900.0,-2.8196345722751537,NIKKEI
2020-06-12,22305.480469,120500.0,-0.7450289519148057,NIKKEI
2020-06-15,21530.949219,78500.0,-3.4723809293255914,NIKKEI
2020-06-16,22582.210938,100100.0,4.882560951248327,NIKKEI
2020-06-17,22455.759766,72500.0,-0.5599592189939884,NIKKEI
2020-06-18,22355.460938,65200.0,-0.4466507882394666,NIKKEI
2020-06-19,22478.789063,97000.0,0.551668898002311,NIKKEI
2020-06-22,22437.269531,54600.0,-0.18470537662698128,NIKKEI
2020-06-23,22549.050781,0.0,0.49819453229618116,NIKKEI
2020-06-24,22534.320313,67000.0,-0.06532633299319857,NIKKEI
2020-06-25,22259.789063,80800.0,-1.2182805879510927,NIKKEI
2020-06-26,22512.080078,66600.0,1.1333935568120568,NIKKEI
2020-06-29,21995.039063,73700.0,-2.2967269715128635,NIKKEI
2020-06-30,22288.140625,74200.0,1.3325803203189324,NIKKEI
2020-07-01,22121.730469,67400.0,-0.746630949615168,NIKKEI
2020-07-02,22145.960938,73600.0,0.10953243026785575,NIKKEI
2020-07-03,22306.480469,51700.0,0.7248253144191308,NIKKEI
2020-07-06,22714.439453,58000.0,1.8288810041859893,NIKKEI
2020-07-07,22614.689453,62700.0,-0.43914797107980075,NIKKEI
2020-07-08,22438.650391,64900.0,-0.7784279433324159,NIKKEI
2020-07-09,22529.289063,65200.0,0.4039399447854253,NIKKEI
2020-07-10,22290.810547,78800.0,-1.0585265932410381,NIKKEI
2020-07-13,22784.740234,71200.0,2.215844443873194,NIKKEI
2020-07-14,22587.009766,61000.0,-0.8678197160437384,NIKKEI
2020-07-15,22945.5,72600.0,1.5871522512892922,NIKKEI
2020-07-16,22770.359375,89400.0,-0.763289642849363,NIKKEI
2020-07-17,22696.419922,55900.0,-0.3247179887779006,NIKKEI
2020-07-20,22717.480469,50000.0,0.09279237462285206,NIKKEI
2020-07-21,22884.220703,68600.0,0.7339732688558254,NIKKEI
2020-07-22,22751.609375,65400.0,-0.5794880661267765,NIKKEI
2020-07-27,22715.849609,71800.0,-0.15717466580317252,NIKKEI
2020-07-28,22657.380859,67800.0,-0.2573918695818245,NIKKEI
2020-07-29,22397.109375,74300.0,-1.148727143793482,NIKKEI
2020-07-30,22339.230469,77800.0,-0.25842132138983454,NIKKEI
2020-07-31,21710.0,106600.0,-2.8167061075500266,NIKKEI
2020-08-03,22195.380859,84000.0,2.2357478535237174,NIKKEI
2020-08-04,22573.660156,89100.0,1.7043154132073024,NIKKEI
2020-08-05,22514.849609,74000.0,-0.26052729860189805,NIKKEI
2020-08-06,22418.150391,62600.0,-0.4294908457276425,NIKKEI
2020-08-07,22329.939453,66700.0,-0.3934799992929561,NIKKEI
2020-08-11,22750.240234,99300.0,1.8822298281849337,NIKKEI
2020-08-12,22843.960938,90800.0,0.41195478832762866,NIKKEI
2020-08-13,23249.609375,84800.0,1.7757359947381923,NIKKEI
2020-08-14,23289.359375,59800.0,0.1709706144256362,NIKKEI
2020-08-17,23096.75,43600.0,-0.8270273642939086,NIKKEI
2020-08-18,23051.080078,55600.0,-0.19773310963664414,NIKKEI
2020-08-19,23110.609375,50100.0,0.2582494911239186,NIKKEI
2020-08-20,22880.619141,50200.0,-0.995171655875049,NIKKEI
2020-08-21,22920.300781,51200.0,0.17342904820654148,NIKKEI
2020-08-24,22985.509766,40600.0,0.2845031817996668,NIKKEI
2020-08-25,23296.769531,75300.0,1.3541564584328425,NIKKEI
2020-08-26,23290.859375,47800.0,-0.025368993723084987,NIKKEI
2020-08-27,23208.859375,52700.0,-0.352069447845349,NIKKEI
2020-08-28,22882.650391,98100.0,-1.4055364752280086,NIKKEI
2020-08-31,23139.759766,81000.0,1.1235996294429507,NIKKEI
2020-09-01,23138.070313,59600.0,-0.007301082712540818,NIKKEI
2020-09-02,23247.150391,52600.0,0.4714311804070892,NIKKEI
2020-09-03,23465.529297,57500.0,0.9393792457442318,NIKKEI
2020-09-04,23205.429688,59300.0,-1.1084327385415205,NIKKEI
2020-09-07,23089.949219,57300.0,-0.49764417445680165,NIKKEI
2020-09-08,23274.130859,62100.0,0.7976701821779786,NIKKEI
2020-09-09,23032.539063,84400.0,-1.0380271446595368,NIKKEI
2020-09-10,23235.470703,67600.0,0.8810649987173624,NIKKEI
2020-09-11,23406.490234,76900.0,0.7360278308367496,NIKKEI
2020-09-14,23559.300781,65400.0,0.6528554493745897,NIKKEI
2020-09-15,23454.890625,61800.0,-0.4431801986424233,NIKKEI
2020-09-16,23475.529297,63000.0,0.08799304302873345,NIKKEI
2020-09-17,23319.369141,61100.0,-0.6652039833664469,NIKKEI
2020-09-18,23360.300781,82600.0,0.17552636073689953,NIKKEI
2020-09-23,23346.490234,77000.0,-0.059119731074841475,NIKKEI
2020-09-24,23087.820313,70500.0,-1.107960633086058,NIKKEI
2020-09-25,23204.619141,72200.0,0.5058893668461018,NIKKEI
2020-09-28,23511.619141,82000.0,1.3230124490927864,NIKKEI
2020-09-29,23539.099609,61300.0,0.11688037236057269,NIKKEI
2020-09-30,23185.119141,88200.0,-1.5037978252348316,NIKKEI
2020-10-01,23184.929688,0.0,-0.0008171318803484873,NIKKEI
2020-10-02,23029.900391,86300.0,-0.668664080875947,NIKKEI
2020-10-05,23312.140625,59500.0,1.2255382316386454,NIKKEI
2020-10-06,23433.730469,57700.0,0.5215730548125075,NIKKEI
2020-10-07,23422.820313,52100.0,-0.046557486928644476,NIKKEI
2020-10-08,23647.070313,56300.0,0.9573996512945104,NIKKEI
2020-10-09,23619.689453,56100.0,-0.11578965020858645,NIKKEI
2020-10-12,23558.689453,44900.0,-0.25825911099035537,NIKKEI
2020-10-13,23601.779297,47200.0,0.18290424892253299,NIKKEI
2020-10-14,23626.730469,54000.0,0.10571733463828892,NIKKEI
2020-10-15,23507.230469,48300.0,-0.5057830585437628,NIKKEI
2020-10-16,23410.630859,48100.0,-0.4109357336985586,NIKKEI
2020-10-19,23671.130859,0.0,1.1127423330407726,NIKKEI
